date,portfolio_value,daily_return,benchmark_return,excess_return,cash,long_market_value,short_market_value,gross_exposure,net_exposure,borrow_cost,spy_short_hedge_target,stock_short_gross_target,spy_short_market_value,spy_short_weight,cumulative_return,strategy_nav,benchmark_nav,drawdown,rolling_63_return,rolling_63_excess_return,daily_turnover
2026-01-02,501750.9984186577,0.0035019968373153354,0.001833059596804576,0.0016689372405107594,-1.4551915228366852e-11,501750.9984186577,0.0,1.0,1.0,0.0,0.0,0.0,0.0,-0.0,0.0035019968373153354,1.0035019968373153,1.0018330595968046,0.0,,,0.49960031974420477
2026-01-05,507623.7678176859,0.011704549502715711,0.006660128518457098,0.005044420984258613,-1.4551915228366852e-11,507623.7678176859,0.0,1.0,1.0,0.0,0.0,0.0,0.0,-0.0,0.015247535635371845,1.0152475356353718,1.0085053965277584,0.0,,,0.8066219933208781
2026-01-06,526708.7212069759,0.037596650510155705,0.005947187809597576,0.03164946270055813,0.0,526708.7212069759,0.0,1.0,1.0,0.0,0.0,0.0,0.0,-0.0,0.05341744241395174,1.0534174424139517,1.0145031675279017,0.0,,,0.005242882451911429
2026-01-07,520308.78119930014,-0.012150814577381541,-0.003223428398364314,-0.008927386179017227,0.0,520308.78119930014,0.0,1.0,1.0,0.0,0.0,0.0,0.0,-0.0,0.04061756239860026,1.0406175623986003,1.0112329892074616,-0.012150814577381541,,,0.3989485572459352
2026-01-08,516162.0181982126,-0.00796981167899824,-0.00010151106387512598,-0.007868300615123114,0.0,516162.0181982126,0.0,1.0,1.0,0.0,0.0,0.0,0.0,-0.0,0.032324036396425226,1.0323240363964252,1.0111303378709016,-0.020023786552451628,,,0.19789386946693915
2026-01-09,529966.3242650595,0.02674413377999829,0.006613392118224537,0.020130741661773754,0.0,529966.3242650595,0.0,1.0,1.0,0.0,0.0,0.0,0.0,-0.0,0.05993264853011904,1.059932648530119,1.0178173392778747,0.0,,,0.611281450002817
2026-01-12,545882.7293611333,0.03003286127311222,0.0015704467855015558,0.028462414487610666,-1.4551915228366852e-11,545882.7293611333,0.0,1.0,1.0,0.0,0.0,0.0,0.0,-0.0,0.09176545872226649,1.0917654587222665,1.0194157672465713,0.0,,,0.21222891734150326
2026-01-13,540620.359565899,-0.009640110434329108,-0.0019995396744790783,-0.007640570759850029,-5.684341886080802e-14,540620.359565899,0.0,1.0,1.0,0.0,0.0,0.0,0.0,-0.0,0.08124071913179809,1.081240719131798,1.0173774049751723,-0.009640110434328886,,,0.6060238634749129
2026-01-14,565630.2370573361,0.04626144215419359,-0.004915173616748869,0.05117661577094246,-4.547473508864641e-13,565630.2370573361,0.0,1.0,1.0,0.0,0.0,0.0,0.0,-0.0,0.13126047411467234,1.1312604741146723,1.0123768183959618,0.0,,,0.2146454803475465
2026-01-15,563139.0579433162,-0.004404253787739898,0.00272321687253263,-0.007127470660272528,-2.9103830456733704e-11,563139.0579433162,0.0,1.0,1.0,0.0,0.0,0.0,0.0,-0.0,0.1262781158866324,1.1262781158866324,1.0151337400291787,-0.004404253787739898,,,0.4055696349535558
2026-01-16,566033.9035825502,0.005140552050867386,-0.000837859702447763,0.005978411753315149,-1.4551915228366852e-11,566033.9035825502,0.0,1.0,1.0,0.0,0.0,0.0,0.0,-0.0,0.13206780716510047,1.1320678071651005,1.014283200375813,0.0,,,0.2046355221389182
2026-01-20,573879.125136235,0.013859985248287687,-0.02035682271626682,0.03421680796455451,0.0,573879.125136235,0.0,1.0,1.0,0.0,0.0,0.0,0.0,-0.0,0.14775825027247014,1.1477582502724701,0.9936356170816749,0.0,,,0.20670660120563203
2026-01-21,573749.306903705,-0.00022621180461868118,0.01154107264114601,-0.011767284445764692,-1.4551915228366852e-11,573749.306903705,0.0,1.0,1.0,0.0,0.0,0.0,0.0,-0.0,0.14749861380740992,1.14749861380741,1.0051032379172444,-0.0002262118046187922,,,0.21470180850090215
2026-01-22,585475.8405622512,0.020438427580556917,0.005223227311670575,0.015215200268886342,-1.4551915228366852e-11,585475.8405622512,0.0,1.0,1.0,0.0,0.0,0.0,0.0,-0.0,0.17095168112450243,1.1709516811245024,1.0103531206005822,0.0,,,0.40479178920085485
2026-01-23,602519.0056848127,0.029109937493226656,0.0003628552356407244,0.028747082257585932,-2.2737367544323206e-13,602519.0056848127,0.0,1.0,1.0,0.0,0.0,0.0,0.0,-0.0,0.2050380113696253,1.2050380113696253,1.0107197325202382,0.0,,,0.20952702274550383
2026-01-26,609955.2738408699,0.012341964462357913,0.005078130668291214,0.007263833794066699,-4.547473508864641e-13,609955.2738408699,0.0,1.0,1.0,0.0,0.0,0.0,0.0,-0.0,0.2199105476817398,1.2199105476817398,1.0158522993909962,0.0,,,0.21661998170604435
2026-01-27,616230.242580992,0.010287588302350326,0.003984236281432629,0.006303352020917696,-1.4551915228366852e-11,616230.242580992,0.0,1.0,1.0,0.0,0.0,0.0,0.0,-0.0,0.23246048516198403,1.232460485161984,1.0198996949788066,0.0,,,0.4052588600237473
2026-01-28,646251.3457958231,0.048717348063107124,-0.0001006484628492954,0.04881799652595642,-1.1368683772161603e-13,646251.3457958231,0.0,1.0,1.0,0.0,0.0,0.0,0.0,-0.0,0.2925026915916462,1.2925026915916462,1.0197970436422465,0.0,,,0.4133376782511296
2026-01-29,647482.6583317317,0.0019053152367400905,-0.0019844122970562594,0.00388972753379635,-1.4210854715202004e-14,647482.6583317317,0.0,1.0,1.0,0.0,0.0,0.0,0.0,-0.0,0.2949653166634634,1.2949653166634634,1.0177733458483413,0.0,,,0.20449347969320603
2026-01-30,561164.4123877699,-0.13331360281735516,-0.0029825370301891363,-0.13033106578716602,-1.8189894035458565e-12,561164.4123877699,0.0,1.0,1.0,0.0,0.0,0.0,0.0,-0.0,0.12232882477553986,1.1223288247755399,1.0147377991560091,-0.13331360281735516,,,0.04027111474012049
2026-02-02,551394.6257571572,-0.017409847123130984,0.004971313784643883,-0.022381160907774866,0.0,551394.6257571572,0.0,1.0,1.0,0.0,0.0,0.0,0.0,-0.0,0.1027892515143145,1.1027892515143145,1.0197823791647527,-0.14840248049600213,,,0.7880196782012253
2026-02-03,560957.1413087962,0.017342417036633417,-0.008455443550025254,0.025797860586658672,-1.4551915228366852e-11,560957.1413087962,0.0,1.0,1.0,0.0,0.0,0.0,0.0,-0.0,0.12191428261759252,1.1219142826175925,1.0111596668244147,-0.1336337211654013,,,0.6095835055668813
2026-02-04,553725.9218062388,-0.01289085915848387,-0.004843879165030707,-0.008046979993453163,0.0,553725.9218062388,0.0,1.0,1.0,0.0,0.0,0.0,0.0,-0.0,0.10745184361247762,1.1074518436124776,1.0062617315817646,-0.14480192684551796,,,0.408425661160194
2026-02-05,559581.9654583551,0.010575707983859761,-0.012489252247829707,0.02306496023168947,0.0,559581.9654583551,0.0,1.0,1.0,0.0,0.0,0.0,0.0,-0.0,0.11916393091671029,1.1191639309167103,0.993694274988702,-0.13575760175547658,,,0.41239004834560516
2026-02-06,577791.9053320859,0.03254204209175149,0.019184793837271563,0.013357248254479925,-1.1368683772161603e-13,577791.9053320859,0.0,1.0,1.0,0.0,0.0,0.0,0.0,-0.0,0.15558381066417182,1.1555838106641718,1.0127580947916373,-0.10763338925432708,,,0.40509399747034885
2026-02-09,577237.5008467641,-0.0009595227627897662,0.00482175436589416,-0.005781277128683926,0.0,577237.5008467641,0.0,1.0,1.0,0.0,0.0,0.0,0.0,-0.0,0.15447500169352812,1.1544750016935281,1.0176413655567935,-0.10848963533009126,,,0.20461973482632428
2026-02-10,573636.0509778124,-0.006239112780560219,-0.0026370775987742956,-0.003602035181785923,-1.4551915228366852e-11,573636.0509778124,0.0,1.0,1.0,0.0,0.0,0.0,0.0,-0.0,0.14727210195562468,1.1472721019556247,1.0149577663080975,-0.11405186904030518,,,0.2041044682123007
2026-02-11,586567.9760852804,0.02254378030359927,-0.00023117378611303696,0.022774954089712307,-4.547473508864641e-13,586567.9760852804,0.0,1.0,1.0,0.0,0.0,0.0,0.0,-0.0,0.17313595217056088,1.1731359521705609,1.0147231346785153,-0.09407924901556541,,,0.005936937691874216
2026-02-12,575844.2576208572,-0.01828214103332515,-0.015448869876616977,-0.0028332711567081725,-1.4551915228366852e-11,575844.2576208572,0.0,1.0,1.0,0.0,0.0,0.0,0.0,-0.0,0.15168851524171445,1.1516885152417144,0.999046809010074,-0.1106414199500787,,,0.2036028039300338
2026-02-13,578033.2957785967,0.0038014413250964108,0.0007045664722111766,0.003096874852885234,-1.4551915228366852e-11,578033.2957785967,0.0,1.0,1.0,0.0,0.0,0.0,0.0,-0.0,0.15606659155719327,1.1560665915571933,0.9997507038958721,-0.10726057549104784,,,0.20152295055204844
2026-02-17,567414.9803563246,-0.01836972973670914,0.0016134946826547036,-0.019983224419363843,0.0,567414.9803563246,0.0,1.0,1.0,0.0,0.0,0.0,0.0,-0.0,0.13482996071264908,1.134829960712649,1.0013637963405884,-0.12365995744458258,,,0.39613267786752354
2026-02-18,579065.2614794098,0.02053220575136927,0.0050377095988276555,0.015494496152541615,-1.4551915228366852e-11,579065.2614794098,0.0,1.0,1.0,0.0,0.0,0.0,0.0,-0.0,0.15813052295881946,1.1581305229588195,1.006408376349332,-0.10566676338267111,,,0.612150536145126
2026-02-19,587863.3705847411,0.015193639975663142,-0.0026373690417904605,0.017831009017453603,0.0,587863.3705847411,0.0,1.0,1.0,0.0,0.0,0.0,0.0,-0.0,0.17572674116948228,1.1757267411694823,1.0037541060541495,-0.09207858616723774,,,0.41148042691294795
2026-02-20,600968.9628385322,0.0222936024075715,0.007231767180269744,0.015061835227301756,-2.2737367544323206e-13,600968.9628385322,0.0,1.0,1.0,0.0,0.0,0.0,0.0,-0.0,0.20193792567706437,1.2019379256770644,1.0110130220553728,-0.07183774714993008,,,0.0064202728026880795
2026-02-23,602622.138975004,0.0027508511066252073,-0.010211334000506778,0.012962185107131985,-1.4551915228366852e-11,602622.138975004,0.0,1.0,1.0,0.0,0.0,0.0,0.0,-0.0,0.20524427795000788,1.2052442779500079,1.0006892304083037,-0.0692845109895498,,,0.20223104698531646
2026-02-24,614604.83483466,0.0198842609400931,0.007268570758725668,0.012615690181367434,0.0,614604.83483466,0.0,1.0,1.0,0.0,0.0,0.0,0.0,-0.0,0.22920966966932022,1.2292096696693202,1.007962810887021,-0.05077792134507941,,,0.4203782332811415
2026-02-25,626581.2619890509,0.01948638617138876,0.008438204699509955,0.011048181471878804,0.0,626581.2619890509,0.0,1.0,1.0,0.0,0.0,0.0,0.0,-0.0,0.2531625239781017,1.2531625239781017,1.0164682074147793,-0.032281013358001376,,,0.40858165444336014
2026-02-26,624312.7115805616,-0.0036205206668451506,-0.005554353314075944,0.0019338326472307932,-7.105427357601002e-15,624312.7115805616,0.0,1.0,1.0,0.0,0.0,0.0,0.0,-0.0,0.24862542316112313,1.2486254231611231,1.0108223838582722,-0.03578465994883717,,,0.00671083675986162
2026-02-27,626642.8471151873,0.0037323211451623095,-0.00480197301638241,0.00853429416154472,1.4551915228366852e-11,626642.8471151873,0.0,1.0,1.0,0.0,0.0,0.0,0.0,-0.0,0.2532856942303747,1.2532856942303747,1.0059684420466295,-0.032185898646674205,,,0.2055846099460136
2026-03-02,658740.592029144,0.05122175264861295,0.0005685214071791123,0.05065323124143384,-1.4551915228366852e-11,658740.592029144,0.0,1.0,1.0,0.0,0.0,0.0,0.0,-0.0,0.31748118405828807,1.317481184058288,1.0065403566408797,0.0,,,0.4367195912762426
2026-03-03,615354.2771517606,-0.06586251918033303,-0.008814359393420235,-0.0570481597869128,0.0,615354.2771517606,0.0,1.0,1.0,0.0,0.0,0.0,0.0,-0.0,0.23070855430352122,1.2307085543035212,0.9976683481934656,-0.06586251918033303,,,0.5913457047640062
2026-03-04,631015.3078855423,0.0254504296391187,0.007055399585799371,0.018395030053319328,63570.347780541466,631424.8740582765,63979.91395327571,1.1020410746322011,0.8992570433931971,0.0,0.1,0.0,63979.91395327571,-0.10139201561950191,0.26203061577108455,1.2620306157710846,1.004707297044075,-0.04208831895146847,,,0.8800828723691376
2026-03-05,627083.1036892727,-0.006231551195558072,-0.005575584195969374,-0.0006559669995886974,-273.6863054817368,627356.7899947544,0.0,1.0004364434376745,1.0004364434376745,0.0,0.0,0.0,0.0,-0.0,0.25416620737854534,1.2541662073785453,0.9991054669171009,-0.048057594632745504,,,0.2674413475284982
2026-03-06,630568.683634562,0.005558401948295044,-0.013107102493106537,0.01866550444140158,-1.4551915228366852e-11,630568.683634562,0.0,1.0,1.0,0.0,0.0,0.0,0.0,-0.0,0.26113736726912395,1.261137367269124,0.9860100891607954,-0.04276631611208748,,,0.5945585802576122
2026-03-09,616438.1556636898,-0.022409181327281535,0.008759927421415403,-0.03116910874869694,64339.906429941424,617670.3863561432,65572.1371223948,1.1083715652593291,0.8956263400654204,0.0,0.1,0.0,65572.1371223948,-0.10637261259695446,0.23287631132737974,1.2328763113273797,0.9946474659786273,-0.06421713930691342,,,0.07521255199334209
2026-03-10,617549.9410275676,0.001803563510245132,-0.0016070296480872326,0.0034105931583323645,61554.97848374691,617696.7043848289,61701.74184100819,1.1001514227260019,0.900323885738985,0.0,0.1,0.0,61701.74184100819,-0.09991376849350846,0.2350998820551351,1.235099882055135,0.9930490380114048,-0.06252939548585479,,,0.23067451332098587
2026-03-11,611300.1696958191,-0.010120268688471046,-0.0012552054116389266,-0.00886506327683212,61038.983242393835,611674.6330642856,61413.44661086026,1.1010762192493293,0.900148918210236,0.0,0.1,0.0,61413.44661086026,-0.10046365051954652,0.22260033939163826,1.2226003393916383,0.99180255748487,-0.07201684989108137,,,0.6014913916364276
2026-03-12,606771.606910463,-0.0074080836385332915,-0.015184894946606797,0.007776811308073506,61405.60263668721,606798.1270157509,61432.12274197518,1.1012879346154574,0.8987994791823731,0.0,0.1,0.0,61432.12274197518,-0.10124422771654226,0.2135432138209259,1.213543213820926,0.9767421398416863,-0.0788914266822377,,,0.6246319584465704
2026-03-13,623450.5935326619,0.02748808024674121,-0.005660150738273084,0.03314823098501429,60975.223623887854,623303.0430084331,60827.673099659085,1.0973294808039207,0.902197184097005,0.0,0.1,0.0,60827.673099659085,-0.09756614835345792,0.2469011870653237,1.2469011870653237,0.971213632097759,-0.0535719203029178,,,0.6091798525362029
2026-03-16,621831.373591855,-0.0025971904712318583,0.01017681076306376,-0.012774001234295618,62468.38248088867,622065.8567283258,62702.86561735938,1.1012128873303515,0.8995412821967225,0.0,0.1,0.0,62702.86561735938,-0.10083580256681453,0.24366274718371006,1.24366274718371,0.9810974894421257,-0.056029974293213214,,,0.2061628531194446
2026-03-17,618568.8718451344,-0.00524660202954319,0.002630674260111876,-0.007877276289655066,61993.457465113555,618599.8052966176,62024.390916596785,1.100320800467981,0.8997792157238809,0.0,0.1,0.0,62024.390916596785,-0.10027079237205018,0.23713774369026885,1.2371377436902689,0.9836784373542615,-0.06098260934591426,,,0.21115445694151155
2026-03-18,629381.719191255,0.017480425928752208,-0.013953696388806502,0.03143412231755871,62165.41949858971,628922.9780228422,61706.67833017684,1.097314452095092,0.901227796100479,0.0,0.1,0.0,61706.67833017684,-0.09804332799730645,0.25876343838251015,1.2587634383825101,0.9699524870952045,-0.044568185402775407,,,0.22073175912001344
2026-03-19,632254.1237947121,0.0045638513415167115,-0.0024643575281912966,0.007028208869708008,62699.62287282273,632717.347367289,63162.84644539952,1.1006336971534492,0.9008316110355956,0.0,0.1,0.0,63162.84644539952,-0.09990104305892672,0.26450824758942426,1.2645082475894243,0.9675621773816436,-0.04020773663399824,,,0.2122892359077686
2026-03-20,663281.2628720419,0.049073842161927894,-0.014335799717985931,0.06340964187991383,63706.51856434826,662695.0620082921,63120.31770059838,1.0942799387488689,0.9039524827092269,0.0,0.1,0.0,63120.31770059838,-0.09516372801982098,0.32656252574408384,1.3265625257440838,0.953691399792002,0.0,,,0.21387650313083806
2026-03-23,648083.0869182264,-0.02291362172362077,0.010500023128617197,-0.03341364485223797,162708.26973561247,647769.6777019675,162394.8605193536,1.2500936293119862,0.748939182305582,0.0,0.25,0.0,162394.8605193536,-0.2505772235032021,0.29616617383645294,1.296166173836453,0.9637051815473814,-0.02291362172362077,,,0.29787912210588974
2026-03-24,670673.2748863795,0.034856931810355096,-0.0033568311520051353,0.03821376296236023,166977.50803083528,671511.7926470576,167816.02579151338,1.2514704996717867,0.7510300256721525,0.0,0.25,0.0,167816.02579151338,-0.25022023699981716,0.341346549772759,1.341346549772759,0.9604701859726144,0.0,,,0.4212695320186305
2026-03-25,666252.1872192441,-0.006592014074042862,0.005572736458376193,-0.012164750532419055,165148.45335226302,666150.6311235598,165046.89725657864,1.2475719319576744,0.7521232102193198,0.0,0.25,0.0,165046.89725657864,-0.2477243608691772,0.3325043744384881,1.3325043744384881,0.9658226331951673,-0.006592014074042862,,,0.4073712197304173
2026-03-26,691559.5592881336,0.037984673903309396,-0.017858774093618357,0.05584344799692775,169447.1010318779,689946.7855638367,167834.3273075809,1.2403575387698875,0.7549782968710597,0.0,0.25,0.0,167834.3273075809,-0.24268962094941396,0.38311911857626724,1.3831191185762672,0.9485742249744311,0.0,,,0.21783325972535722
2026-03-27,714142.4132406532,0.03265496608240892,-0.01705188423322679,0.04970685031563571,174943.21833359575,712255.3047467682,173056.10983971073,1.239684687776897,0.7550303481630029,0.0,0.25,0.0,173056.10983971073,-0.24232716980694705,0.4282848264813064,1.4282848264813064,0.9323992471035443,0.0,,,0.41639546578332526
2026-03-30,717833.4772051382,0.005168526467620893,-0.0033433739690620357,0.008511900436682929,178169.48129973095,715585.5638946054,175921.56798919817,1.2419414254053156,0.7517955250660249,0.0,0.25,0.0,175921.56798919817,-0.24507295016964548,0.4356669544102765,1.4356669544102765,0.9292818877320053,0.0,,,0.009704322236969733
2026-03-31,662349.4534828222,-0.07729372547285107,0.02906783549861891,-0.10636156097146998,177040.3555997052,665523.0789511984,180213.98106808137,1.2768743985099607,0.7327085352471018,0.0,0.25,0.0,180213.98106808137,-0.27208293163142944,0.3246989069656443,1.3246989069656443,0.9562941007764453,-0.07729372547285107,,,0.007823854263606458
2026-04-01,659056.5213628919,-0.004971593322248724,0.007534520404411493,-0.012506113726660217,164506.1493110501,660105.7404976855,165555.3684458437,1.252792563581813,0.7503914399164724,0.0,0.25,0.0,165555.3684458437,-0.25120056183267025,0.31811304272578367,1.3181130427257837,0.9634993181913637,-0.08188104582568734,,,0.8147762102680906
2026-04-02,676843.3812168969,0.026988367882655684,0.0009004334294022698,0.026087934453253414,164930.0996354678,679779.1089357348,167865.82735430571,1.252350188851754,0.756324573435379,0.0,0.25,0.0,167865.82735430571,-0.2480128077081875,0.3536867624337938,1.3536867624337938,0.9643668851866695,-0.05710251373039188,,,0.6129718494856679
2026-04-06,670890.1806716117,-0.008795536324196607,0.004726834698326465,-0.013522371022523072,168855.26713379115,672216.1128473973,170181.1993095768,1.255641141317154,0.7483116134376058,0.0,0.25,0.0,170181.1993095768,-0.2536647639397741,0.3417803613432233,1.3417803613432233,0.9689252880414868,-0.06539580282086987,0.33709784890517636,0.36994540892536754,0.6062817471413
2026-04-07,668085.6488391759,-0.0041803143245116026,0.00044010744643485644,-0.004620421770946459,167369.97332220865,669269.8001582389,168554.1246412715,1.2540666398915485,0.7494782688222382,0.0,0.25,0.0,168554.1246412715,-0.25229418553465516,0.33617129767835197,1.336171297678352,0.9693517192757929,-0.06930274213408638,0.3161039557137526,0.35492742397358534,0.6035346026813101
2026-04-08,685479.444711353,0.02603527841437625,0.02546949425184497,0.0005657841625312798,162639.25038629843,685799.2993581032,162959.10503304855,1.23819672630527,0.7627365026900496,0.0,0.25,0.0,162959.10503304855,-0.23773011180761025,0.37095888942270605,1.370958889422706,0.9940406173179037,-0.045071779906050935,0.3014393290100592,0.3216093500262185,0.4537406974866278
2026-04-09,717533.2541066748,0.046761153295879154,0.005769145426546718,0.040992007869332436,70692.83503177742,718816.852658714,71976.43358381666,1.102099842364887,0.9014779668716684,0.0,0.1,0.0,71976.43358381666,-0.10031093774660932,0.4350665082133496,1.4350665082133496,0.999775382199105,-0.00041823501967663823,0.37905274720287574,0.3903830806973717,0.7119616793405156
2026-04-10,714608.2537096092,-0.0040764666729031784,-0.0006618523045713864,-0.003414614368331792,-478.9079244520399,715087.1616340611,0.0,1.000670168476177,1.000670168476177,0.0,0.0,0.0,0.0,-0.0,0.42921650741921824,1.4292165074192182,0.9991136785583428,-0.0044929967714607555,0.38446501004494804,0.3963493921690784,0.4596728393082256
2026-04-13,724230.0180595049,0.01346439017454415,0.009772466370185695,0.0036919238043584546,0.0,724230.0180595049,0.0,1.0,1.0,0.0,0.0,0.0,0.0,-0.0,0.44846003611900986,1.4484600361190099,1.0088774833820466,0.0,0.366558562119667,0.37534192191403903,0.4009437238091111
2026-04-14,726809.6242231538,0.0035618603196823084,0.01218481270970706,-0.008622952390024752,0.0,726809.6242231538,0.0,1.0,1.0,0.0,0.0,0.0,0.0,-0.0,0.4536192484463075,1.4536192484463075,1.0211704665640975,0.0,0.3314391262639247,0.32971784690578265,0.02460203203013214
2026-04-15,719709.4321646768,-0.009768984644453416,0.007891023241318074,-0.01766000788577149,0.0,719709.4321646768,0.0,1.0,1.0,0.0,0.0,0.0,0.0,-0.0,0.43941886432935373,1.4394188643293537,1.0292285464491024,-0.009768984644453305,0.3312658678681295,0.3196171508669696,0.1966327685223533
2026-04-16,727899.6928825919,0.011379954675987847,0.002457353487787417,0.00892260118820043,-2.9103830456733704e-11,727899.6928825919,0.0,1.0,1.0,0.0,0.0,0.0,0.0,-0.0,0.45579938576518364,1.4557993857651836,1.0317577248074494,0.0,0.28688256955543,0.2677386045225332,0.20352048177278215
2026-04-17,742614.6650682589,0.02021565928595681,0.012085625516865317,0.008130033769091494,-1.1368683772161603e-13,742614.6650682589,0.0,1.0,1.0,0.0,0.0,0.0,0.0,-0.0,0.4852293301365178,1.4852293301365178,1.0442271622936052,0.0,0.31870566353614227,0.29004596962862794,0.20527791991938338
2026-04-20,748779.3393979415,0.008301309709680904,-0.0019996057124537225,0.010300915422134627,0.0,748779.3393979415,0.0,1.0,1.0,0.0,0.0,0.0,0.0,-0.0,0.497558678795883,1.497558678795883,1.0421391196947836,0.0,0.32285245576061095,0.29538880526472444,0.2031558513149067
2026-04-21,734119.5415249065,-0.019578261714355283,-0.006547014335541057,-0.013031247378814226,0.0,734119.5415249065,0.0,1.0,1.0,0.0,0.0,0.0,0.0,-0.0,0.4682390830498131,1.468239083049813,1.0353162199385137,-0.019578261714355283,0.27922328826759735,0.23727571499193778,0.20670182524199637
2026-04-22,744694.5727283824,0.014405053407936075,0.010126690148798856,0.004278363259137219,-2.9103830456733704e-11,744694.5727283824,0.0,1.0,1.0,0.0,0.0,0.0,0.0,-0.0,0.48938914545676493,1.489389145456765,1.0458005465038567,-0.005455234212048965,0.2979441783506469,0.25745350331218586,0.4075473155684425
2026-04-23,736630.0262244251,-0.010829334332880691,-0.0038807103386094832,-0.006948623994271208,-2.9103830456733704e-11,736630.0262244251,0.0,1.0,1.0,0.0,0.0,0.0,0.0,-0.0,0.47326005244885017,1.4732600524488502,1.0417420975109157,-0.01622549198978318,0.25817322456382774,0.22710589149944815,0.3989227915962928
2026-04-24,758622.8497720821,0.029855996585396616,0.007749311878163523,0.022106684707233093,-1.8189894035458565e-12,758622.8497720821,0.0,1.0,1.0,0.0,0.0,0.0,0.0,-0.0,0.5172456995441641,1.517245699544164,1.0498148819211401,0.0,0.25908534438651354,0.22040483965013347,0.012049381963812876
2026-04-27,761139.1507966464,0.0033169328149293964,0.0017228338518102682,0.0015940989631191282,-9.094947017729282e-13,761139.1507966464,0.0,1.0,1.0,0.0,0.0,0.0,0.0,-0.0,0.5222783015932928,1.5222783015932928,1.051623538537848,0.0,0.24786059476750855,0.21264756314047295,0.006942036126272086
2026-04-28,745978.8632586431,-0.01991789217797535,-0.004865975922035637,-0.015051916255939712,-2.9103830456733704e-11,745978.8632586431,0.0,1.0,1.0,0.0,0.0,0.0,0.0,-0.0,0.4919577265172861,1.491957726517286,1.046506363720277,-0.01991789217797535,0.21055217954610206,0.18446464478904612,0.20381763486236626
2026-04-29,750930.4364079257,0.006637685587568498,-0.00015456167730387715,0.006792247264872375,-2.2737367544323206e-13,750930.4364079257,0.0,1.0,1.0,0.0,0.0,0.0,0.0,-0.0,0.5018608728158513,1.5018608728158513,1.0463446139413912,-0.013412415296251368,0.16197891314747825,0.1359467036361337,0.20482120753969046
2026-04-30,770667.521478307,0.02628350658523515,0.009949689424052499,0.01633381716118265,458046.6477213123,312620.8737569946,0.0,0.405649472754892,0.405649472754892,0.0,0.0,0.0,0.0,-0.0,0.5413350429566139,1.541335042956614,1.0567554178806382,0.0,0.19025198831419932,0.1519506590533075,0.5089095683749236
2026-05-01,784170.4705725717,0.01752110828332709,0.0027690423845503354,0.014752065898776756,-2.9103830456733704e-11,784170.4705725717,0.0,1.0,1.0,0.0,0.0,0.0,0.0,-0.0,0.5683409411451434,1.5683409411451434,1.0596816184228528,0.0,0.3973987894847162,0.35310772305925653,0.501019472672033
2026-05-04,783255.6159373582,-0.0011666527490451495,-0.0036633594669818192,0.0024967067179366698,-2.9103830456733704e-11,783255.6159373582,0.0,1.0,1.0,0.0,0.0,0.0,0.0,-0.0,0.5665112318747165,1.5665112318747165,1.0557996237340168,-0.0011666527490450385,0.4204991839770238,0.38518062454205504,0.40416583526499783
2026-05-05,838132.4208851925,0.07006244683245666,0.00802217239303138,0.06204027443942528,0.0,838132.4208851925,0.0,1.0,1.0,0.0,0.0,0.0,0.0,-0.0,0.6762648417703849,1.676264841770385,1.0642694303281088,0.0,0.494111330733227,0.4415877133004953,0.22566563063612302
2026-05-06,874503.7373596032,0.04339566823581076,0.013899443192617822,0.029496225043192936,0.0,874503.7373596032,0.0,1.0,1.0,0.0,0.0,0.0,0.0,-0.0,0.7490074747192064,1.7490074747192064,1.079062182816594,0.0,0.5793079263961418,0.5069604953551214,0.4129859680862376
2026-05-07,830361.2592195232,-0.05047717494422577,-0.003066105228734073,-0.047411069715491694,-2.9103830456733704e-11,830361.2592195232,0.0,1.0,1.0,0.0,0.0,0.0,0.0,-0.0,0.6607225184390464,1.6607225184390464,1.0757536646157309,-0.05047717494422577,0.4838956765509266,0.40131555941383046,0.194717716276845
2026-05-08,889902.6976751905,0.07170546288687873,0.008256103228197142,0.06344935965868159,-9.094947017729282e-13,889902.6976751905,0.0,1.0,1.0,0.0,0.0,0.0,0.0,-0.0,0.779805395350381,1.779805395350381,1.0846351979189097,0.0,0.5401785477830792,0.4692069075691736,0.004627229289167842
2026-05-11,921157.1651642304,0.035121218949768274,0.0022775955106473234,0.03284362343912095,-9.094947017729282e-13,921157.1651642304,0.0,1.0,1.0,0.0,0.0,0.0,0.0,-0.0,0.8423143303284608,1.8423143303284608,1.08710555817638,0.0,0.5958027048016838,0.5275427116737712,0.013400786676122578
2026-05-12,878507.2231621806,-0.0463003965175105,-0.0015149465711358223,-0.04478544994637468,-9.094947017729282e-13,878507.2231621806,0.0,1.0,1.0,0.0,0.0,0.0,0.0,-0.0,0.7570144463243613,1.7570144463243613,1.085458651338558,-0.0463003965175105,0.53147142977623,0.4620095394683139,0.013815508999674991
2026-05-13,914116.280664492,0.04053359672347012,0.005594841366553416,0.034938755356916706,-4.547473508864641e-13,914116.280664492,0.0,1.0,1.0,0.0,0.0,0.0,0.0,-0.0,0.828232561328984,1.828232561328984,1.0915316203027503,-0.00764352139461788,0.5584149117127897,0.4827208795189051,0.006089108021347591
2026-05-14,920249.058740825,0.006708969313920177,0.007894275976511267,-0.0011853066625910902,0.0,920249.058740825,0.0,1.0,1.0,0.0,0.0,0.0,0.0,-0.0,0.8404981174816502,1.8404981174816502,1.1001484721505088,-0.0009858322311844248,0.5980867162640495,0.496888591983353,0.2026582696963733
2026-05-15,882951.8745913636,-0.040529445583454504,-0.012029351617953599,-0.028500093965500906,352148.5358212652,530803.3387700984,0.0,0.6011690490104661,0.6011690490104661,0.0,0.0,0.0,0.0,-0.0,0.7659037491827272,1.7659037491827272,1.0869143993470558,-0.04147532258087061,0.527510406475892,0.44032497603656306,0.5751563412447144
2026-05-18,888821.459337359,0.0066476836562716635,-0.0007034917540482688,0.007351175410319932,-2.9103830456733704e-11,888821.459337359,0.0,1.0,1.0,0.0,0.0,0.0,0.0,-0.0,0.7776429186747178,1.7776429186747178,1.0861497640297588,-0.03510335374865858,0.5664398898654348,0.481769395486654,0.4060020441839616
2026-05-19,881390.8425382227,-0.008360078079883482,-0.006660800109176246,-0.0016992779707072359,0.0,881390.8425382227,0.0,1.0,1.0,0.0,0.0,0.0,0.0,-0.0,0.7627816850764453,1.7627816850764453,1.0789151375629276,-0.04316996505033743,0.522092415432458,0.45004734613702113,0.5950378309948235
2026-05-20,870574.7285514992,-0.012271643253718545,0.010249001677525627,-0.02252064493124417,0.0,870574.7285514992,0.0,1.0,1.0,0.0,0.0,0.0,0.0,-0.0,0.7411494571029984,1.7411494571029984,1.0899729406177179,-0.0549118418936827,0.48091337564636527,0.39501700516724214,0.20256814064786519
2026-05-21,872756.7285054587,0.002506390183861562,0.0019831365925639943,0.0005232535912975678,0.0,872756.7285054587,0.0,1.0,1.0,0.0,0.0,0.0,0.0,-0.0,0.7455134570109174,1.7455134570109174,1.0921345058411616,-0.0525430822113212,0.45224925490861034,0.372011432035795,0.2053078664841606
2026-05-22,875052.0101641184,0.0026299214703164875,0.003931495046107125,-0.0013015735757906377,-2.2737367544323206e-13,875052.0101641184,0.0,1.0,1.0,0.0,0.0,0.0,0.0,-0.0,0.7501040203282368,1.7501040203282368,1.0964282272405588,-0.050051344921028806,0.4520741167134825,0.3564010606607144,0.2086572332767609
2026-05-26,904925.198552028,0.034138757514889706,0.006638592349390127,0.02750016516549958,-2.9103830456733704e-11,904925.198552028,0.0,1.0,1.0,0.0,0.0,0.0,0.0,-0.0,0.809850397104056,1.809850397104056,1.1037069672815734,-0.017621278133692297,0.4723691504891421,0.3773813638759673,0.4072249528389616
2026-05-27,896715.2082636202,-0.009072562352716806,-0.00017319708490648456,-0.008899365267810322,-2.9103830456733704e-11,896715.2082636202,0.0,1.0,1.0,0.0,0.0,0.0,0.0,-0.0,0.7934304165272403,1.7934304165272403,1.1035158084522492,-0.02653397034180649,0.4311235631545103,0.3454862550690354,0.20669845651096003
2026-05-28,915016.4170353034,0.020409165142990515,0.005516616475073066,0.014892548667917449,0.0,915016.4170353034,0.0,1.0,1.0,0.0,0.0,0.0,0.0,-0.0,0.8300328340706069,1.830032834070607,1.1096034819416605,-0.0066663413814211925,0.4656379728658293,0.36791447597773663,0.005835853020818184
2026-05-29,902834.4491596756,-0.01331338722325659,0.002491386164805265,-0.015804773388061855,0.0,902834.4491596756,0.0,1.0,1.0,0.0,0.0,0.0,0.0,-0.0,0.8056688983193512,1.8056688983193512,1.1123679327049896,-0.019890977020504574,0.4407480326568216,0.334979813484964,0.012766801279911493
2026-06-01,926077.7645565944,0.025744825553071005,0.002723138748577103,0.0230216868044939,-2.9103830456733704e-11,926077.7645565944,0.0,1.0,1.0,0.0,0.0,0.0,0.0,-0.0,0.8521555291131888,1.8521555291131888,1.1153970649252132,0.0,0.4058307257246154,0.2976813529089837,0.5983231039660036
2026-06-02,929513.9791126846,0.003710503251026065,0.001357871700582436,0.002352631550443629,0.0,929513.9791126846,0.0,1.0,1.0,0.0,0.0,0.0,0.0,-0.0,0.8590279582253693,1.8590279582253693,1.116911631034588,0.0,0.5105346848567447,0.39101271840662855,0.20211054287849803
2026-06-03,922829.5180618619,-0.007191350749994885,-0.0070171281124384866,-0.00017422263755639822,0.0,922829.5180618619,0.0,1.0,1.0,0.0,0.0,0.0,0.0,-0.0,0.8456590361237237,1.8456590361237237,1.1090741190293456,-0.007191350749994885,0.4624518716576853,0.35857403351285866,0.20226337189741048
2026-06-04,895479.1810794601,-0.029637475229274513,0.0037786380995492586,-0.03341611332882377,-4.547473508864641e-13,895479.1810794601,0.0,1.0,1.0,0.0,0.0,0.0,0.0,-0.0,0.7909583621589202,1.7909583621589202,1.113264908750734,-0.03661569249955143,0.42800719045235347,0.31374553779030734,0.0056522982458817005
2026-06-05,794950.6196208886,-0.11226231003761444,-0.025809348954150546,-0.0864529610834639,0.0,794950.6196208886,0.0,1.0,1.0,0.0,0.0,0.0,0.0,-0.0,0.5899012392417773,1.5899012392417773,1.0845322662423758,-0.14476744031353928,0.2606883916892899,0.16076834202181267,0.571309172229602
2026-06-08,813226.005603575,0.022989334848750653,0.002264253270476635,0.02072508157827402,-2.9103830456733704e-11,813226.005603575,0.0,1.0,1.0,0.0,0.0,0.0,0.0,-0.0,0.6264520112071501,1.62645201120715,1.0869879219731524,-0.12510621262535315,0.3192337270687162,0.22639635588648344,0.8305356433454062
2026-06-09,806840.3746078692,-0.00785222183219092,-0.0029355266356988485,-0.004916695196492071,0.0,806840.3746078692,0.0,1.0,1.0,0.0,0.0,0.0,0.0,-0.0,0.6136807492157383,1.6136807492157383,1.0837970399755172,-0.1319760727234246,0.3065184222434436,0.2151352191079401,0.20809589326530445
2026-06-10,809344.5324781087,0.0031036595949434087,-0.015765551862216287,0.018869211457159696,-2.9103830456733704e-11,809344.5324781087,0.0,1.0,1.0,0.0,0.0,0.0,0.0,-0.0,0.6186890649562173,1.6186890649562173,1.0667103815336667,-0.12928202193289218,0.3239723667684171,0.24844541487311567,0.6114578668472456
2026-06-11,808395.5067229631,-0.001172585613496091,0.01699681568224154,-0.01816940129573763,0.0,808395.5067229631,0.0,1.0,1.0,0.0,0.0,0.0,0.0,-0.0,0.6167910134459262,1.6167910134459262,1.084841061274928,-0.13030301330738603,0.33228960867025603,0.22161667154197495,0.4012607197571182
2026-06-12,817776.8960279564,0.011604949838258216,0.0054082628498166585,0.006196686988441558,-2.9103830456733704e-11,817776.8960279564,0.0,1.0,1.0,0.0,0.0,0.0,0.0,-0.0,0.6355537920559129,1.635553792055913,1.0907081668845768,-0.1202102234023339,0.31169479107266906,0.18865848800027774,0.6011971717936362
2026-06-15,835570.398276154,0.02175838218788373,0.017633973709953787,0.004124408477929942,0.0,835570.398276154,0.0,1.0,1.0,0.0,0.0,0.0,0.0,-0.0,0.671140796552308,1.671140796552308,1.1099416860246514,-0.10106742119812906,0.3437250575661508,0.21239845855936967,0.2090380207077677
2026-06-16,808378.3397690123,-0.03254310895077295,-0.005961607249319489,-0.026581501701453458,-4.547473508864641e-13,808378.3397690123,0.0,1.0,1.0,0.0,0.0,0.0,0.0,-0.0,0.6167566795380246,1.6167566795380246,1.103324649622925,-0.1303214820494777,0.30685260213255416,0.1852211749047008,0.20338000170835274
2026-06-17,809144.2898716095,0.0009475143814665632,-0.012487838684376307,0.01343535306584287,-2.9103830456733704e-11,809144.2898716095,0.0,1.0,1.0,0.0,0.0,0.0,0.0,-0.0,0.6182885797432192,1.6182885797432192,1.0895465093819379,-0.129497449146467,0.2856177184671751,0.16231887251556443,0.6132680530203729
2026-06-18,850279.7546043427,0.050838231509067855,0.010396391242323055,0.0404418402667448,0.0,850279.7546043427,0.0,1.0,1.0,0.0,0.0,0.0,0.0,-0.0,0.7005595092086856,1.7005595092086856,1.1008738611701798,-0.08524263893694095,0.34483860619376805,0.20705760678627172,0.41547355809113395
2026-06-22,865471.7793701941,0.017867089841414163,-0.0031470123470016542,0.021014102188415817,-9.094947017729282e-13,865471.7793701941,0.0,1.0,1.0,0.0,0.0,0.0,0.0,-0.0,0.7309435587403881,1.730943558740388,1.097409397536586,-0.06889858698373252,0.3048337527622247,0.15413720902079175,0.009665465553163633
2026-06-23,791987.1296007981,-0.08490704321158904,-0.01452195757600172,-0.07038508563558732,-9.094947017729282e-13,791987.1296007981,0.0,1.0,1.0,0.0,0.0,0.0,0.0,-0.0,0.5839742592015962,1.5839742592015962,1.081472864822054,-0.14795565489307638,0.2220456691237942,0.09984264943516097,0.2026650277802295
2026-06-24,807940.1016360482,0.020142968792044913,-0.00046348046566158096,0.020606449257706494,2.2737367544323206e-13,807940.1016360482,0.0,1.0,1.0,0.0,0.0,0.0,0.0,-0.0,0.6158802032720962,1.6158802032720962,1.080971623275066,-0.1307929522401493,0.20467019022477584,0.07920930756299227,0.4137521120143028
2026-06-25,834018.8717569452,0.03227809842349516,0.001445638535813476,0.030832459887681685,0.0,834018.8717569452,0.0,1.0,1.0,0.0,0.0,0.0,0.0,-0.0,0.6680377435138902,1.6680377435138902,1.0825343175097932,-0.10273660160216125,0.2518065797846214,0.13096484311034562,0.6191060494888178
2026-06-26,841739.233038015,0.009256818451609083,-0.007231376821462576,0.01648819527307166,0.0,841739.233038015,0.0,1.0,1.0,0.0,0.0,0.0,0.0,-0.0,0.68347846607603,1.68347846607603,1.074706103937715,-0.09443079721991865,0.21716086739437301,0.0841909050630818,0.19998076743575607
2026-06-29,848573.6923803276,0.0081194496752226,0.016474848763357475,-0.008355399088134874,-2.2737367544323206e-13,848573.6923803276,0.0,1.0,1.0,0.0,0.0,0.0,0.0,-0.0,0.6971473847606553,1.6971473847606553,1.0924117244651461,-0.08707807365051434,0.18824155609194082,0.01662786393305793,0.20340652516343757
2026-06-30,850952.0340992414,0.002802752124264396,0.007786774628879778,-0.004984022504615382,0.0,850952.0340992414,0.0,1.0,1.0,0.0,0.0,0.0,0.0,-0.0,0.7019040681984827,1.7019040681984827,1.100918088365502,-0.08451937978215085,0.18544489929948105,0.0007472280122571284,0.20178152159147175
2026-07-01,827022.6897992257,-0.028120673482314062,-0.00135249139628002,-0.026768182086034042,-2.9103830456733704e-11,827022.6897992257,0.0,1.0,1.0,0.0,0.0,0.0,0.0,-0.0,0.6540453795984513,1.6540453795984513,1.0994291061229786,-0.1102633113826833,0.2486198719580801,0.09894310909787052,0.39377035988960685
2026-07-02,826669.1410326097,-0.0004274958486347735,-0.0013140956876207532,0.0008865998389859797,331521.33382677136,495147.8072058384,0.0,0.5989673288001762,0.5989673288001762,0.0,0.0,0.0,0.0,-0.0,0.6533382820652194,1.6533382820652194,1.0979843510757776,-0.11064367012344534,0.2543220713803187,0.11474228097957084,0.8038419420264683
2026-07-06,827698.358947036,0.001245017944108362,0.008727409436343647,-0.007482391492235285,0.0,827698.358947036,0.0,1.0,1.0,0.0,0.0,0.0,0.0,-0.0,0.6553967178940721,1.655396717894072,1.107566910062314,-0.10953640553404254,0.2228801845693118,0.07438895464914941,0.6001595381669637
2026-07-07,830308.7173753065,0.0031537557131215976,-0.004751890107549728,0.007905645820671325,0.0,830308.7173753065,0.0,1.0,1.0,0.0,0.0,0.0,0.0,-0.0,0.6606174347506131,1.660617434750613,1.1023038738189395,-0.10672810088566886,0.23762240273677127,0.09996618979278438,0.20276497440051233
2026-07-08,820665.8340244358,-0.011613612080760616,-0.003089433068970693,-0.008524179011789923,0.0,820665.8340244358,0.0,1.0,1.0,0.0,0.0,0.0,0.0,-0.0,0.6413316680488717,1.6413316680488717,1.0988983797791088,-0.11710221420462708,0.22838416818318685,0.09474159250374115,0.3970844233111216
2026-07-09,821222.3362620316,0.0006781106444588847,0.008465253555138164,-0.007787142910679279,0.0,821222.3362620316,0.0,1.0,1.0,0.0,0.0,0.0,0.0,-0.0,0.6424446725240631,1.6424446725240631,1.1082008331952695,-0.11650351181810992,0.19802620282485384,0.08318158391442121,0.40023826347899194
2026-07-10,814577.9540359789,-0.00809084450417652,0.0043101728060024325,-0.012401017310178952,165724.74349196765,648853.2105440112,0.0,0.7965514010404364,0.7965514010404364,0.0,0.0,0.0,0.0,-0.0,0.6291559080719578,1.6291559080719578,1.112977370290097,-0.12365174452397565,0.13524766883469996,0.022020247849405372,0.11107488396673883
2026-07-13,814475.7849592225,-0.0001254257818421589,-0.0076561361679582385,0.00753071038611608,328409.06149703986,486066.7234621827,0.0,0.5967847447871247,0.5967847447871247,0.0,0.0,0.0,0.0,-0.0,0.6289515699184451,1.6289515699184451,1.1044562639912998,-0.12376166118908472,0.13975143826171932,0.03431540260964039,0.5041715678227414
2026-07-14,850428.967443765,0.044142727320423125,0.003550595992898975,0.04059213132752415,0.0,850428.967443765,0.0,1.0,1.0,0.0,0.0,0.0,0.0,-0.0,0.7008579348875301,1.7008579348875301,1.1083777419765595,-0.08508211113125408,0.17425258030921786,0.07562786102124308,0.6287853480139239
2026-07-15,835507.7367534745,-0.017545534385006945,0.003963661998057866,-0.02150919638306481,0.0,835507.7367534745,0.0,1.0,1.0,0.0,0.0,0.0,0.0,-0.0,0.6710154735069489,1.671015473506949,1.1127709767119252,-0.10113483440985871,0.1495551364588794,0.05985364865926335,0.401789924589768
2026-07-16,828753.7913028878,-0.008083642022071902,-0.005418582159748664,-0.002665059862323238,0.0,828753.7913028878,0.0,1.0,1.0,0.0,0.0,0.0,0.0,-0.0,0.6575075826057757,1.6575075826057757,1.1067413357496279,-0.10840093863459976,0.15151164381747395,0.07620010143172395,0.2113490821785936
2026-07-17,822993.3999132533,-0.006950666711978082,-0.009897165387894424,0.0029464986759163425,-2.9103830456733704e-11,822993.3999132533,0.0,1.0,1.0,0.0,0.0,0.0,0.0,-0.0,0.6459867998265065,1.6459867998265065,1.0957877337080946,-0.11459814655086309,0.13064122427923563,0.06858207283203455,0.5964496032018538
2026-07-20,830139.5253783145,0.008683089640590724,-0.0016144438913477943,0.010297533531938519,0.0,830139.5253783145,0.0,1.0,1.0,0.0,0.0,0.0,0.0,-0.0,0.6602790507566292,1.6602790507566292,1.0940186458951957,-0.10691012288941903,0.11786039843693463,0.0701777816658622,0.20404928122106242
2026-07-21,831173.1267189106,0.001245093516207385,0.008341306310555296,-0.007096212794347911,0.0,831173.1267189106,0.0,1.0,1.0,0.0,0.0,0.0,0.0,-0.0,0.6623462534378213,1.6623462534378213,1.1031441905300665,-0.10579814247403818,0.11003747430747501,0.05149915664682547,0.40354144716935786
2026-07-22,825050.7079045663,-0.007365997067918739,-0.0011626663815683669,-0.006203330686350372,-2.9103830456733704e-11,825050.7079045663,0.0,1.0,1.0,0.0,0.0,0.0,0.0,-0.0,0.6501014158091327,1.6501014158091327,1.1018616018657148,-0.11238483073470185,0.12386424994324274,0.05958883278504046,0.4021967539086108
2026-07-23,832975.4613864037,0.009605171422692793,-0.012349312960757808,0.0219544843834506,0.0,832975.4613864037,0.0,1.0,1.0,0.0,0.0,0.0,0.0,-0.0,0.6659509227728073,1.6659509227728073,1.0882543681048331,-0.10385913487652632,0.11854643754765282,0.07795186935498855,0.0067530614788148535
2026-07-24,822509.9584405054,-0.012563999098460177,0.0010160123547102717,-0.013580011453170449,2.9103830456733704e-11,822509.9584405054,0.0,1.0,1.0,0.0,0.0,0.0,0.0,-0.0,0.6450199168810109,1.645019916881011,1.089360047987895,-0.11511824789803093,0.11658489222365187,0.07087496978627006,0.20126430914779334
2026-07-27,799035.1349158067,-0.028540473320478044,0.00021652930588844654,-0.02875700262636649,-2.9103830456733704e-11,799035.1349158067,0.0,1.0,1.0,0.0,0.0,0.0,0.0,-0.0,0.5980702698316134,1.5980702698316134,1.0895959263629484,-0.1403731919356751,0.053270587823535775,0.015377198115618995,0.3964070640007815
2026-07-28,802775.2104859744,0.0046807398157302504,0.002394836894018315,0.0022859029217119353,0.0,802775.2104859744,0.0,1.0,1.0,0.0,0.0,0.0,0.0,-0.0,0.6055504209719489,1.6055504209719489,1.0922053308869746,-0.1363495025084993,0.05470229674265159,0.016112639073377233,0.599815007335429
2026-07-29,818976.3757033683,0.020181446818202442,-0.015387522608859894,0.035568969427062336,-2.9103830456733704e-11,818976.3757033683,0.0,1.0,1.0,0.0,0.0,0.0,0.0,-0.0,0.6379527514067367,1.6379527514067367,1.075398996664434,-0.11891978592386054,0.09785466591620562,0.07024601111410278,0.21663047100964705
2026-07-30,828445.2285117962,0.011561814344517085,0.016765826775971382,-0.005204012431454297,0.0,828445.2285117962,0.0,1.0,1.0,0.0,0.0,0.0,0.0,-0.0,0.6568904570235925,1.6568904570235925,1.0934289499575633,-0.10873290006608483,0.10322499707784183,0.058226116796120886,0.2019564331340313
2026-07-31,828339.905924889,-0.00012713283061138725,0.00719977349027201,-0.007326906320883397,0.0,828339.905924889,0.0,1.0,1.0,0.0,0.0,0.0,0.0,-0.0,0.6566798118497781,1.656679811849778,1.1013013907249638,-0.10884620937533018,0.0748343258788875,0.03268079433261528,0.40123743868952255
2026-08-03,811285.1959073836,-0.020589023775768545,0.01424306922078089,-0.034832092996549435,-2.9103830456733704e-11,811285.1959073836,0.0,1.0,1.0,0.0,0.0,0.0,0.0,-0.0,0.6225703918147671,1.6225703918147671,1.1169873026660018,-0.1271941959583679,0.034577590399462066,-0.019500618797408054,0.19709544809719048
2026-08-04,826147.7491809742,0.018319763935748412,0.018028957197724793,0.000290806738023619,324089.5599914688,502058.1891895054,0.0,0.6077099280210295,0.6077099280210295,0.0,0.0,0.0,0.0,-0.0,0.6522954983619484,1.6522954983619484,1.1371254189361693,-0.11120459966657414,0.05476134785485698,-0.02226633180516213,0.801065625939692
2026-08-05,826040.829415199,-0.0001294196660115432,-0.0019965514111989213,0.0018671317451873781,-2.9103830456733704e-11,826040.829415199,0.0,1.0,1.0,0.0,0.0,0.0,0.0,-0.0,0.6520816588303979,1.652081658830398,1.1348550895762821,-0.11131962727043787,-0.014426827036738366,-0.08074993774227857,0.20689036417032963
2026-08-06,817646.5721311425,-0.010162036772442984,-0.0015978383715039568,-0.008564198400939027,-5.820766091346741e-11,817646.5721311425,0.0,1.0,1.0,0.0,0.0,0.0,0.0,-0.0,0.6352931442622849,1.635293144262285,1.1330417745680605,-0.12035042989706402,-0.06501649198221848,-0.11504103422923495,0.5921248686914192
2026-08-07,861516.5675373047,0.05365398315291414,0.006115332570001186,0.047538650582912956,-9.094947017729282e-13,861516.5675373047,0.0,1.0,1.0,0.0,0.0,0.0,0.0,-0.0,0.7230331350746095,1.7230331350746095,1.1399707018352485,-0.07315372668229292,0.03752018530713386,-0.022174742381034118,0.2165698216799699
2026-08-10,886438.2894278712,0.028927733754217533,-0.0002974419988102106,0.029225175753027743,-4.547473508864641e-13,886438.2894278712,0.0,1.0,1.0,0.0,0.0,0.0,0.0,-0.0,0.7728765788557426,1.7728765788557426,1.1396316266711095,-0.04634216445666961,-0.0038930191540824666,-0.05459802011451731,0.0059690100085583305
2026-08-11,899998.0197842494,0.015296868962113352,-0.0031952188142763127,0.018492087776389665,0.0,899998.0197842494,0.0,1.0,1.0,0.0,0.0,0.0,0.0,-0.0,0.7999960395684986,1.7999960395684986,1.1359902542562257,-0.03175418551167064,-0.02297017944403512,-0.06793793415025684,0.01713317085328183
2026-08-12,904554.4351730647,0.005062694904492737,0.0025046719269103956,0.0025580229775823415,-2.9103830456733704e-11,904554.4351730647,0.0,1.0,1.0,0.0,0.0,0.0,0.0,-0.0,0.8091088703461293,1.8091088703461293,1.1388355371553052,-0.026852252360364037,0.029649399941331422,-0.01952509947504355,0.206925728826348
2026-08-13,900553.0653027323,-0.004423581063495496,0.006977436601121045,-0.011401017664616542,0.0,900553.0653027323,0.0,1.0,1.0,0.0,0.0,0.0,0.0,-0.0,0.8011061306054645,1.8011061306054645,1.14678168991491,-0.031157050308806,-0.014837516461144729,-0.065454528909062,0.009782674536497619
2026-08-14,912710.5013347891,0.013499966299009847,-0.001979739805625491,0.015479706104635338,-2.9103830456733704e-11,912710.5013347891,0.0,1.0,1.0,0.0,0.0,0.0,0.0,-0.0,0.8254210026695781,1.825421002669578,1.144511360555023,-0.018077703138941748,-0.008191866467487707,-0.048516322236440534,0.8096547047045002
2026-08-17,924326.9103440923,0.012727375210775937,-0.004727310199139634,0.01745468540991557,-2.9103830456733704e-11,924326.9103440923,0.0,1.0,1.0,0.0,0.0,0.0,0.0,-0.0,0.8486538206881846,1.8486538206881846,1.13910090032724,-0.005580409638964112,0.046859899099118474,-0.0011535424483799517,0.40362904179865056
2026-08-18,890259.8098397285,-0.036856116730045074,-0.00675579484126454,-0.030100321888780535,-2.9103830456733704e-11,890259.8098397285,0.0,1.0,1.0,0.0,0.0,0.0,0.0,-0.0,0.780519619679457,1.780519619679457,1.1314053683411296,-0.04223085413995409,0.0016182670740667593,-0.04004781417007641,0.5868002112211844
2026-08-19,938108.7251986897,0.05374713631920036,0.002097856537885079,0.05164927978131528,-2.9103830456733704e-11,938108.7251986897,0.0,1.0,1.0,0.0,0.0,0.0,0.0,-0.0,0.8762174503973794,1.8762174503973794,1.1337788944901024,0.0,0.06435043334138957,0.013499578610495666,0.4121357179519071
2026-08-20,955317.4617370185,0.018344074706995173,-0.008399864769978782,0.026743939476973955,0.0,955317.4617370185,0.0,1.0,1.0,0.0,0.0,0.0,0.0,-0.0,0.9106349234740372,1.9106349234740372,1.1242553050973294,0.0,0.09734113615555806,0.06588864481188961,0.397710918078884
2026-08-21,978715.3403780619,0.02449225475110639,0.004091266719118858,0.020400988031987533,-2.9103830456733704e-11,978715.3403780619,0.0,1.0,1.0,0.0,0.0,0.0,0.0,-0.0,0.9574306807561237,1.9574306807561237,1.1288549334108668,0.0,0.12140681178597235,0.08778418804016996,0.20418762180117822
2026-08-24,985241.5283270371,0.006668116539845226,-0.002938410907381339,0.009606527447226565,-9.094947017729282e-13,985241.5283270371,0.0,1.0,1.0,0.0,0.0,0.0,0.0,-0.0,0.9704830566540743,1.9704830566540743,1.1255378937616811,0.0,0.12592339299038047,0.09937385167258328,0.006821773659470183
2026-08-25,990112.8525423536,0.0049442944448232495,0.003195934352364871,0.0017483600924583786,-2.2737367544323206e-13,990112.8525423536,0.0,1.0,1.0,0.0,0.0,0.0,0.0,-0.0,0.9802257050847072,1.9802257050847072,1.1291350389812425,0.0,0.09413778522980065,0.07109899644485851,0.007993835331812344
2026-08-26,959085.8535184525,-0.03133683089178341,0.0002219581935214432,-0.03155878908530485,0.0,959085.8535184525,0.0,1.0,1.0,0.0,0.0,0.0,0.0,-0.0,0.9181717070369051,1.918171707036905,1.1293856597547365,-0.03133683089178341,0.06955457505355067,0.046111457062543826,0.19385831520859736
2026-08-27,968479.0771018215,0.009793934035112306,0.0065528404344192825,0.0032410936006930235,0.0,968479.0771018215,0.0,1.0,1.0,0.0,0.0,0.0,0.0,-0.0,0.9369581542036431,1.9369581542036431,1.1367863437720307,-0.021849807711294855,0.05842808836123359,0.03393027245423608,0.20233575118460087
2026-08-28,926386.7471526165,-0.04346230181365052,-0.0022694851510828284,-0.04119281666256769,-2.2737367544323206e-13,926386.7471526165,0.0,1.0,1.0,0.0,0.0,0.0,0.0,-0.0,0.852773494305233,1.852773494305233,1.1342064240448864,-0.06436246658762679,0.026087061714207493,0.006454626529932339,0.20827041776379152
2026-08-31,931930.0178448616,0.005983754311342571,-0.002989536621823663,0.008973290933166234,0.0,931930.0178448616,0.0,1.0,1.0,0.0,0.0,0.0,0.0,-0.0,0.8638600356897232,1.8638600356897232,1.1308156724034966,-0.05876384146321656,0.006319397260411863,-0.007504027565721438,1.0030678504284718
2026-09-01,917583.7861979891,-0.015394108325911593,-0.006870477804575947,-0.008523630521335646,-2.9103830456733704e-11,917583.7861979891,0.0,1.0,1.0,0.0,0.0,0.0,0.0,-0.0,0.8351675723959782,1.8351675723959782,1.1230464284251818,-0.07325333284799673,-0.012834871968342099,-0.018327515450719756,0.7989453348528193
2026-09-02,917101.2094992388,-0.0005259211267778507,0.004436976554910821,-0.004962897681688672,0.0,917101.2094992388,0.0,1.0,1.0,0.0,0.0,0.0,0.0,-0.0,0.8342024189984776,1.8342024189984776,1.1280293590981807,-0.07374072849942281,-0.006207331311479658,-0.023298380271692176,0.9959999141476635
2026-09-03,934953.1388777276,0.019465604443196005,0.010468398766271036,0.008997205676924969,-2.9103830456733704e-11,934953.1388777276,0.0,1.0,1.0,0.0,0.0,0.0,0.0,-0.0,0.8699062777554551,1.8699062777554551,1.1398380202492815,-0.0557105319085498,0.044081379704085766,0.020211848481398675,0.4091287097131361
2026-09-04,926823.5869683636,-0.008695143715033993,-0.0038542623226456296,-0.004840881392388363,-1.1368683772161603e-13,926823.5869683636,0.0,1.0,1.0,0.0,0.0,0.0,0.0,-0.0,0.8536471739367273,1.8536471739367273,1.1354447855139158,-0.06392126454219793,0.16588825027945142,0.11894403215310767,0.3954359521410732
2026-09-08,940927.6032120639,0.015217584491817426,-0.005492151287344704,0.02070973577916213,-2.9103830456733704e-11,940927.6032120639,0.0,1.0,1.0,0.0,0.0,0.0,0.0,-0.0,0.8818552064241278,1.8818552064241278,1.1292087509734468,-0.04967640729437528,0.15703088284013855,0.11818884223709936,0.6149657960600595
2026-09-09,954933.1096212931,0.014884786418655871,-0.004647762285236889,0.01953254870389276,-2.9103830456733704e-11,954933.1096212931,0.0,1.0,1.0,0.0,0.0,0.0,0.0,-0.0,0.9098662192425864,1.9098662192425864,1.123960457128513,-0.03553104358834236,0.1835465101574747,0.14648844884933254,0.4073394352125005
2026-09-10,968038.8226331765,0.013724220974054235,-0.005994228751311614,0.01971844972536585,0.0,968038.8226331765,0.0,1.0,1.0,0.0,0.0,0.0,0.0,-0.0,0.9360776452663528,1.9360776452663528,1.1172231810410558,-0.022294458507933546,0.19607754644263342,0.14872373759082103,0.21865373209751313
2026-09-11,1001059.1427721367,0.03411053293207922,0.008524339231753775,0.025586193700325444,-2.9103830456733704e-11,1001059.1427721367,0.0,1.0,1.0,0.0,0.0,0.0,0.0,-0.0,1.0021182855442734,2.0021182855442734,1.1267467704338288,0.0,0.23832843508765245,0.19970000309444202,0.42167653439296143
2026-09-14,1006608.5746157462,0.0055435604216569345,-0.004461657224351989,0.010005217646008924,0.0,1006608.5746157462,0.0,1.0,1.0,0.0,0.0,0.0,0.0,-0.0,1.013217149231492,2.013217149231492,1.1217196125655073,0.0,0.2309085515927003,0.20247615636317762,0.20868623227352245
2026-09-15,987828.8019291032,-0.01865647994684705,-0.00458679423825048,-0.014069685708596569,0.0,987828.8019291032,0.0,1.0,1.0,0.0,0.0,0.0,0.0,-0.0,0.9756576038582063,1.9756576038582063,1.1165745155096594,-0.018656479946846938,0.18222091635494753,0.17624508035516273,0.20564732959643287
2026-09-16,988089.1122053262,0.00026351760114162737,-0.004409881302895546,0.004673398904037174,0.0,988089.1122053262,0.0,1.0,1.0,0.0,0.0,0.0,0.0,-0.0,0.9761782244106525,1.9761782244106525,1.1116505544304236,-0.018397878656546518,0.22231022727262206,0.21476403059302807,0.40080118702480916
