date,book,ticker,shares,weight,gross_market_value,net_market_value
2026-01-02,long,HK.00005,422.5158357268406,0.10006135315997722,51031.30208307023,51031.30208307023
2026-01-02,long,HK.00358,1162.2095928779797,0.09953981001534602,50765.31501691016,50765.31501691016
2026-01-02,long,HK.00631,5838.202394130038,0.0991349428872967,50558.83273316613,50558.83273316613
2026-01-02,long,HK.00670,9341.123830608061,0.09744071984488102,49694.77877883489,49694.77877883489
2026-01-02,long,HK.00753,7068.60148426494,0.09854459757472288,50257.75655312373,50257.75655312373
2026-01-02,long,HK.01208,5704.910102026613,0.10201719200980691,52028.7801304827,52028.7801304827
2026-01-02,long,HK.02888,270.62003674991087,0.09979433074346648,50895.120618702815,50895.120618702815
2026-01-02,long,HK.03393,2895.4236670772375,0.10207785357119592,52059.71753404873,52059.71753404873
2026-01-02,long,HK.03993,2582.687984173288,0.10209211283625232,52066.98976093349,52066.98976093349
2026-01-02,long,HK.06869,966.4413441248428,0.09929708735705442,50641.526432141756,50641.526432141756
2026-01-05,long,HK.00005,422.5158357268406,0.1009855922476884,51284.81158450634,51284.81158450634
2026-01-05,long,HK.00358,1162.2095928779797,0.0971706478255707,49347.41931359902,49347.41931359902
2026-01-05,long,HK.01208,5704.910102026613,0.10166419751848325,51629.43642334085,51629.43642334085
2026-01-05,long,HK.02600,3929.7256209510692,0.10098186623072777,51282.91935341145,51282.91935341145
2026-01-05,long,HK.02656,858.3083581310008,0.10123736120736468,51412.670652046945,51412.670652046945
2026-01-05,long,HK.02899,1360.5347352536,0.09810669070920598,49822.78200498683,49822.78200498683
2026-01-05,long,HK.03393,2895.4236670772375,0.10023090305054597,50901.54806721783,50901.54806721783
2026-01-05,long,HK.03899,5270.763057945937,0.0999471542146833,50757.448248019384,50757.448248019384
2026-01-05,long,HK.03993,2582.687984173288,0.10252578950978726,52066.98976093349,52066.98976093349
2026-01-05,long,HK.06869,966.4413441248428,0.09714979748594267,49336.83061757322,49336.83061757322
2026-01-06,long,HK.00005,422.5158357268406,0.10066113975226565,52932.623343841005,52932.623343841005
2026-01-06,long,HK.00358,1162.2095928779797,0.09901497794204721,52066.98976093349,52066.98976093349
2026-01-06,long,HK.00631,5758.948197917216,0.09714159212116143,51081.870515525705,51081.870515525705
2026-01-06,long,HK.01208,5704.910102026613,0.10295642237649627,54139.596868232555,54139.596868232555
2026-01-06,long,HK.01336,853.6451038733949,0.10032386477190967,52755.2674193758,52755.2674193758
2026-01-06,long,HK.02318,732.0485127938151,0.10023301275781638,52707.49292115469,52707.49292115469
2026-01-06,long,HK.02600,3929.7256209510692,0.09916800501312749,52147.458990020685,52147.458990020685
2026-01-06,long,HK.02888,268.2861238708389,0.09870679153732144,51904.93005327282,51904.93005327282
2026-01-06,long,HK.03899,5270.763057945937,0.0998323414422939,52496.80005714154,52496.80005714154
2026-01-06,long,HK.03993,2582.687984173288,0.10196185228556053,53616.60255143746,53616.60255143746
2026-01-07,long,HK.00005,422.5158357268406,0.09964958281331392,52256.59800667807,52256.59800667807
2026-01-07,long,HK.00358,1162.2095928779797,0.09840151337322435,51602.1059237823,51602.1059237823
2026-01-07,long,HK.00631,5758.948197917216,0.09631127167934067,50505.975695733985,50505.975695733985
2026-01-07,long,HK.01208,5704.910102026613,0.10171728694029179,53340.90945394883,53340.90945394883
2026-01-07,long,HK.01336,853.6451038733949,0.10222834956333235,53608.91252324919,53608.91252324919
2026-01-07,long,HK.02318,732.0485127938151,0.09925303947372986,52048.64925964025,52048.64925964025
2026-01-07,long,HK.02601,1357.2396991148134,0.10119700594148018,53068.072235389205,53068.072235389205
2026-01-07,long,HK.02888,268.2861238708389,0.09652328579809775,50617.1566586928,50617.1566586928
2026-01-07,long,HK.03899,5270.763057945937,0.10030865022738149,52602.215318300456,52602.215318300456
2026-01-07,long,HK.03993,2582.687984173288,0.10441001418980761,54752.985264473704,54752.985264473704
2026-01-08,long,HK.00005,422.5158357268406,0.09888467112473963,51031.30208307023,51031.30208307023
2026-01-08,long,HK.00358,1162.2095928779797,0.0981890976398132,50672.338249479915,50672.338249479915
2026-01-08,long,HK.01093,5463.392522687987,0.09623180037701358,49662.23803123381,49662.23803123381
2026-01-08,long,HK.01208,5704.910102026613,0.1007069645659064,51971.73102946244,51971.73102946244
2026-01-08,long,HK.01336,853.6451038733949,0.10148088468374632,52371.12712263277,52371.12712263277
2026-01-08,long,HK.02318,732.0485127938151,0.09957935263856085,51389.80559812582,51389.80559812582
2026-01-08,long,HK.02601,1357.2396991148134,0.10109560067612311,52172.29403397343,52172.29403397343
2026-01-08,long,HK.02628,1585.1875764085223,0.09565145750047237,49362.741129361384,49362.741129361384
2026-01-08,long,HK.03899,5270.763057945937,0.10468625951985608,54025.321343945856,54025.321343945856
2026-01-08,long,HK.03993,2582.687984173288,0.10349391127376843,53409.98751270359,53409.98751270359
2026-01-09,long,HK.00358,1162.2095928779797,0.09851328205043679,51695.082691212534,51695.082691212534
2026-01-09,long,HK.01093,5463.392522687987,0.0955763935519407,50153.94335827572,50153.94335827572
2026-01-09,long,HK.01208,5704.910102026613,0.1016496692587149,53340.90945394883,53340.90945394883
2026-01-09,long,HK.01336,853.6451038733949,0.09980159328400118,52371.12712263277,52371.12712263277
2026-01-09,long,HK.01364,1871.610763895199,0.09515835226013858,49934.57518072391,49934.57518072391
2026-01-09,long,HK.02318,732.0485127938151,0.09765252032260142,51243.39589556706,51243.39589556706
2026-01-09,long,HK.02600,3765.469749310479,0.09823543326134704,51549.28086806046,51549.28086806046
2026-01-09,long,HK.02601,1357.2396991148134,0.0998365150159763,52389.4523858318,52389.4523858318
2026-01-09,long,HK.03899,5270.763057945937,0.1069716402148441,56133.626567124236,56133.626567124236
2026-01-09,long,HK.03993,2582.687984173288,0.10660460077999905,55941.02173719342,55941.02173719342
2026-01-12,long,HK.00358,1162.2095928779797,0.09751640827789793,51602.1059237823,51602.1059237823
2026-01-12,long,HK.00631,5546.673484624777,0.09611965599354821,50862.995854009205,50862.995854009205
2026-01-12,long,HK.01093,5463.392522687987,0.0976705900559053,51683.69326462837,51683.69326462837
2026-01-12,long,HK.01208,5704.910102026613,0.10231169712339516,54139.596868232555,54139.596868232555
2026-01-12,long,HK.01336,853.6451038733949,0.09816308698155154,51944.30457069608,51944.30457069608
2026-01-12,long,HK.02318,732.0485127938151,0.09476341547845898,50145.32312637634,50145.32312637634
2026-01-12,long,HK.02600,3765.469749310479,0.09677615036194465,51210.38859062251,51210.38859062251
2026-01-12,long,HK.02601,1357.2396991148134,0.09797836505990691,51846.55650618588,51846.55650618588
2026-01-12,long,HK.03899,5270.763057945937,0.10966576775807009,58031.10126798477,58031.10126798477
2026-01-12,long,HK.03993,2582.687984173288,0.1090348629093213,57697.24956643125,57697.24956643125
2026-01-13,long,HK.00358,1162.2095928779797,0.10045967181513714,52950.26905152076,52950.26905152076
2026-01-13,long,HK.00631,5546.673484624777,0.0963943676298004,50807.52911916296,50807.52911916296
2026-01-13,long,HK.01093,5463.392522687987,0.10137359371451761,53431.97887188851,53431.97887188851
2026-01-13,long,HK.01208,5704.910102026613,0.10444789754814554,55052.382484556816,55052.382484556816
2026-01-13,long,HK.01336,853.6451038733949,0.1001706845277501,52797.94967456947,52797.94967456947
2026-01-13,long,HK.02208,2988.564722246485,0.08845264982672014,46621.609667045166,46621.609667045166
2026-01-13,long,HK.02600,3765.469749310479,0.09715869104147311,51210.38859062251,51210.38859062251
2026-01-13,long,HK.02899,1285.0328555534948,0.09805728896179629,51684.02145036156,51684.02145036156
2026-01-13,long,HK.03899,5270.763057945937,0.10499929336080673,55343.01210843234,55343.01210843234
2026-01-13,long,HK.03993,2582.687984173288,0.10848586157385308,57180.711969596596,57180.711969596596
2026-01-14,long,HK.00358,1162.2095928779797,0.10165444091913721,53810.30415025046,53810.30415025046
2026-01-14,long,HK.01093,5463.392522687987,0.10124936792003042,53595.88064756916,53595.88064756916
2026-01-14,long,HK.01208,5704.910102026613,0.1042164291808102,55166.480686597344,55166.480686597344
2026-01-14,long,HK.01336,853.6451038733949,0.09877438996697807,52285.76261224544,52285.76261224544
2026-01-14,long,HK.02318,712.4737109963392,0.0924669410450035,48946.943945448504,48946.943945448504
2026-01-14,long,HK.02400,593.0221137900564,0.09427269404891472,49902.81087543325,49902.81087543325
2026-01-14,long,HK.02525,238.84176852966533,0.09366957221678744,49583.551146758524,49583.551146758524
2026-01-14,long,HK.02899,1285.0328555534948,0.09904562669027248,52429.34050658258,52429.34050658258
2026-01-14,long,HK.03899,5270.763057945937,0.10604348954266378,56133.626567124236,56133.626567124236
2026-01-14,long,HK.03993,2582.687984173288,0.10860704846940218,57490.634527697395,57490.634527697395
2026-01-15,long,HK.00358,1162.2095928779797,0.10270573452999393,54600.606673407485,54600.606673407485
2026-01-15,long,HK.00631,5360.012334350088,0.09406859500680702,50008.91507948632,50008.91507948632
2026-01-15,long,HK.01093,5463.392522687987,0.10071303978657085,53541.24672234228,53541.24672234228
2026-01-15,long,HK.01208,5704.910102026613,0.10441403285864423,55508.77529271894,55508.77529271894
2026-01-15,long,HK.02525,238.84176852966533,0.0956046743688801,50825.52834311278,50825.52834311278
2026-01-15,long,HK.02899,1285.0328555534948,0.09668774862831443,51401.31422213979,51401.31422213979
2026-01-15,long,HK.03393,2557.56933720258,0.09539977609729457,50716.59995672716,50716.59995672716
2026-01-15,long,HK.03899,5270.763057945937,0.10777059042061421,57293.194439872335,57293.194439872335
2026-01-15,long,HK.03993,2582.687984173288,0.1088221206883243,57852.21084548165,57852.21084548165
2026-01-15,long,HK.09626,195.27564900054728,0.0938136876145562,49873.40075473978,49873.40075473978
2026-01-16,long,HK.00358,1162.2095928779797,0.10218252108486035,55460.64177213719,55460.64177213719
2026-01-16,long,HK.00631,5360.012334350088,0.09411317228638394,51080.91754635634,51080.91754635634
2026-01-16,long,HK.01208,5704.910102026613,0.09964347510169787,54082.54776721229,54082.54776721229
2026-01-16,long,HK.01347,531.0887497217599,0.10450331740734917,56720.278470283956,56720.278470283956
2026-01-16,long,HK.02525,238.84176852966533,0.0988352244798239,53643.86121176283,53643.86121176283
2026-01-16,long,HK.02899,1285.0328555534948,0.093424984717603,50707.3964801409,50707.3964801409
2026-01-16,long,HK.03393,2557.56933720258,0.10225366266812574,55499.25461729598,55499.25461729598
2026-01-16,long,HK.03899,5270.763057945937,0.10371378138061255,56291.74945886261,56291.74945886261
2026-01-16,long,HK.03993,2582.687984173288,0.10706467003862148,58110.47964389898,58110.47964389898
2026-01-16,long,HK.09626,195.27564900054728,0.09354340205560904,50771.66874014229,50771.66874014229
2026-01-19,long,HK.00358,1162.2095928779797,0.10008522923451711,53322.17612124171,53322.17612124171
2026-01-19,long,HK.00631,5360.012334350088,0.10422878319785332,55529.72778386691,55529.72778386691
2026-01-19,long,HK.01336,874.3001726851435,0.09961193544207923,53070.02048198821,53070.02048198821
2026-01-19,long,HK.01347,531.0887497217599,0.10227667144815619,54489.70572145256,54489.70572145256
2026-01-19,long,HK.02099,285.9996145341132,0.1006088064006866,53601.12111723241,53601.12111723241
2026-01-19,long,HK.02525,238.84176852966533,0.1009580114295415,53787.16627288063,53787.16627288063
2026-01-19,long,HK.02899,1285.0328555534948,0.0948396328760637,50527.491880363414,50527.491880363414
2026-01-19,long,HK.03330,2365.9789760821645,0.0992989836983134,52903.2899051972,52903.2899051972
2026-01-19,long,HK.03993,2582.687984173288,0.10558249988994392,56250.94429529421,56250.94429529421
2026-01-19,long,HK.09626,195.27564900054728,0.08877370626505113,47295.762187932545,47295.762187932545
2026-01-20,long,HK.00358,1162.2095928779797,0.09809087264344017,52834.04809223296,52834.04809223296
2026-01-20,long,HK.00522,535.6501276227134,0.09706121900361989,52279.452455976825,52279.452455976825
2026-01-20,long,HK.00631,5360.012334350088,0.10448881385258837,56280.12951067593,56280.12951067593
2026-01-20,long,HK.01093,5440.283882216089,0.0982763715749079,52933.96217396255,52933.96217396255
2026-01-20,long,HK.02099,285.9996145341132,0.101585840016864,54716.51961391545,54716.51961391545
2026-01-20,long,HK.02525,238.84176852966533,0.09950567311344287,53596.0928580569,53596.0928580569
2026-01-20,long,HK.02899,1285.0328555534948,0.09538316576440173,51375.61356502872,51375.61356502872
2026-01-20,long,HK.03330,2365.9789760821645,0.10006433463316751,53897.00107515171,53897.00107515171
2026-01-20,long,HK.03393,2382.160910032086,0.10216397560509699,55027.917021741196,55027.917021741196
2026-01-20,long,HK.03993,2582.687984173288,0.10337973379247054,55682.75293877609,55682.75293877609
2026-01-21,long,HK.00358,1162.2095928779797,0.09538366035189265,52717.82713294516,52717.82713294516
2026-01-21,long,HK.00631,5360.012334350088,0.10667802262819594,58960.13567785097,58960.13567785097
2026-01-21,long,HK.01208,5811.231709878219,0.09978169740966814,55148.5889267443,55148.5889267443
2026-01-21,long,HK.01336,866.9982792963472,0.09717980629761838,53710.54340240871,53710.54340240871
2026-01-21,long,HK.02259,290.54537738175077,0.09856704233242106,54477.25825907827,54477.25825907827
2026-01-21,long,HK.02525,238.84176852966533,0.09714558502757095,53691.62956546877,53691.62956546877
2026-01-21,long,HK.02899,1285.0328555534948,0.09514069939182664,52583.544449249006,52583.544449249006
2026-01-21,long,HK.03330,2365.9789760821645,0.10565073418324612,58392.36112970782,58392.36112970782
2026-01-21,long,HK.03393,2382.160910032086,0.10120120163403522,55933.138167553385,55933.138167553385
2026-01-21,long,HK.03993,2582.687984173288,0.10327155074352477,57077.40445022967,57077.40445022967
2026-01-22,long,HK.00358,1162.2095928779797,0.09417836028758987,51834.5478423579,51834.5478423579
2026-01-22,long,HK.00522,502.38633614566794,0.09876359503906017,54358.201570961275,54358.201570961275
2026-01-22,long,HK.00631,5360.012334350088,0.1113124725677672,61264.940981621505,61264.940981621505
2026-01-22,long,HK.01208,5811.231709878219,0.09935497674374695,54683.69038995404,54683.69038995404
2026-01-22,long,HK.02259,290.54537738175077,0.10019406308374769,55145.5126270563,55145.5126270563
2026-01-22,long,HK.02525,238.84176852966533,0.0982468220025313,54073.776395116234,54073.776395116234
2026-01-22,long,HK.02899,1285.0328555534948,0.09334452109118982,51375.61356502872,51375.61356502872
2026-01-22,long,HK.03330,2365.9789760821645,0.1027402439154645,56546.89752836373,56546.89752836373
2026-01-22,long,HK.03393,2382.160910032086,0.10041321884051721,55266.1331127444,55266.1331127444
2026-01-22,long,HK.03993,2582.687984173288,0.1014517264283853,55837.71421782649,55837.71421782649
2026-01-23,long,HK.00522,502.38633614566794,0.09320493584804722,52348.6562263786,52348.6562263786
2026-01-23,long,HK.00631,5360.012334350088,0.11117959517483458,62444.14369517853,62444.14369517853
2026-01-23,long,HK.01347,506.48119108892735,0.09901455406621992,55611.63478156422,55611.63478156422
2026-01-23,long,HK.02099,268.31748514284425,0.10228996069587497,57451.27057013395,57451.27057013395
2026-01-23,long,HK.02259,290.54537738175077,0.10646153274248055,59794.23866516431,59794.23866516431
2026-01-23,long,HK.02338,2228.5987997592497,0.10165866252826741,57096.70124983198,57096.70124983198
2026-01-23,long,HK.02525,238.84176852966533,0.0956811023746093,53739.3979191747,53739.3979191747
2026-01-23,long,HK.02899,1285.0328555534948,0.09247916820801741,51941.02802147226,51941.02802147226
2026-01-23,long,HK.03393,2382.160910032086,0.09907801708761575,55647.27885834953,55647.27885834953
2026-01-23,long,HK.03939,4043.710313076681,0.09597178203234674,53902.658473312156,53902.658473312156
2026-01-26,long,HK.00522,502.38633614566794,0.09051493995264052,51645.31535577466,51645.31535577466
2026-01-26,long,HK.00631,5360.012334350088,0.11103824771983083,63355.345792018044,63355.345792018044
2026-01-26,long,HK.01072,1958.6675788889615,0.09474562188467027,54059.22517733534,54059.22517733534
2026-01-26,long,HK.01208,5128.622234303711,0.0977955154796336,55799.40990922438,55799.40990922438
2026-01-26,long,HK.01347,506.48119108892735,0.09870915703082114,56320.70844908872,56320.70844908872
2026-01-26,long,HK.02099,268.31748514284425,0.10896719111260136,62173.658308648,62173.658308648
2026-01-26,long,HK.02259,290.54537738175077,0.10632461001787445,60665.87479730957,60665.87479730957
2026-01-26,long,HK.02338,2228.5987997592497,0.10303766717723853,58790.43633764901,58790.43633764901
2026-01-26,long,HK.02525,238.84176852966533,0.09117116151358394,52019.737185761114,52019.737185761114
2026-01-26,long,HK.03393,2382.160910032086,0.09769588811110537,55742.56529475081,55742.56529475081
2026-01-27,long,HK.00358,1149.5870993815424,0.09230422439020614,52881.006571550955,52881.006571550955
2026-01-27,long,HK.00631,5360.012334350088,0.11227133823363131,64320.148012201054,64320.148012201054
2026-01-27,long,HK.01208,5128.622234303711,0.09757736203585572,55901.98235391045,55901.98235391045
2026-01-27,long,HK.01347,506.48119108892735,0.1009604528577065,57840.152022355505,57840.152022355505
2026-01-27,long,HK.01787,1130.2256324445902,0.09295918306066185,53256.231800789086,53256.231800789086
2026-01-27,long,HK.02099,268.31748514284425,0.10543351086906923,60402.76290670523,60402.76290670523
2026-01-27,long,HK.02259,290.54537738175077,0.11816578797211788,67697.07292994793,67697.07292994793
2026-01-27,long,HK.02899,1220.129944116319,0.09243100588418081,52953.63957464824,52953.63957464824
2026-01-27,long,HK.03330,2164.746675045082,0.09476685708089715,54291.846610130655,54291.846610130655
2026-01-27,long,HK.03993,2331.916595997769,0.09313027761567357,53354.25171642895,53354.25171642895
2026-01-28,long,HK.00631,5360.012334350088,0.11606022563775638,69144.15911311614,69144.15911311614
2026-01-28,long,HK.01208,5128.622234303711,0.09607111178680755,57235.42413482941,57235.42413482941
2026-01-28,long,HK.01347,506.48119108892735,0.10431236590858402,62145.24214661139,62145.24214661139
2026-01-28,long,HK.02099,268.31748514284425,0.10273870341064394,61207.715362133764,61207.715362133764
2026-01-28,long,HK.02259,290.54537738175077,0.12348254808981891,73566.0895530593,73566.0895530593
2026-01-28,long,HK.02338,2011.3669921220735,0.09048029835634619,53904.63538887157,53904.63538887157
2026-01-28,long,HK.02899,1220.129944116319,0.0916693336889106,54613.016298646435,54613.016298646435
2026-01-28,long,HK.03393,2206.1209970549676,0.08931708540758276,53211.63844896582,53211.63844896582
2026-01-28,long,HK.03993,2331.916595997769,0.09448833368256242,56292.466627386144,56292.466627386144
2026-01-28,long,HK.06869,723.944667648351,0.09137999403098698,54440.639007156,54440.639007156
2026-01-29,long,HK.00358,1103.0104533809535,0.09945672274667088,58238.95193851434,58238.95193851434
2026-01-29,long,HK.00631,5360.012334350088,0.11075714516205425,64856.149245636065,64856.149245636065
2026-01-29,long,HK.01208,5128.622234303711,0.09958221204102244,58312.43480403319,58312.43480403319
2026-01-29,long,HK.01347,506.48119108892735,0.10050554976142816,58853.11440453336,58853.11440453336
2026-01-29,long,HK.02259,290.54537738175077,0.12146355200446506,71125.5083830526,71125.5083830526
2026-01-29,long,HK.02899,1220.129944116319,0.09614003355636336,56296.79562152696,56296.79562152696
2026-01-29,long,HK.03330,2108.453265458344,0.09102520011501906,53301.69855078694,53301.69855078694
2026-01-29,long,HK.03858,618.4775659337987,0.08745303408664565,51209.94245931853,51209.94245931853
2026-01-29,long,HK.03993,2331.916595997769,0.09669016230857205,56618.93495082584,56618.93495082584
2026-01-29,long,HK.06869,723.944667648351,0.09692638821775909,56757.26194363072,56757.26194363072
2026-01-30,long,HK.00358,1103.0104533809535,0.09504523034056198,52348.87611746006,52348.87611746006
2026-01-30,long,HK.00966,2190.197901643649,0.10187918199188485,56112.870240110286,56112.870240110286
2026-01-30,long,HK.01093,5113.131115902998,0.08912122098644047,49086.05871266878,49086.05871266878
2026-01-30,long,HK.01164,11187.53088159576,0.10318603501178387,56832.65687850646,56832.65687850646
2026-01-30,long,HK.01347,506.48119108892735,0.10713027322106884,59005.05876186003,59005.05876186003
2026-01-30,long,HK.01787,1132.2602511534276,0.09098727035379789,50113.838716050705,50113.838716050705
2026-01-30,long,HK.02259,290.54537738175077,0.11531534245529641,63513.219495650716,63513.219495650716
2026-01-30,long,HK.02899,1220.129944116319,0.09282032268400435,51123.44465847376,51123.44465847376
2026-01-30,long,HK.03993,2331.916595997769,0.09449964321937862,52048.378422670205,52048.378422670205
2026-01-30,long,HK.06869,723.944667648351,0.11001547973578273,60594.16868216698,60594.16868216698
2026-02-02,long,HK.00005,374.02822976306385,0.09681783647042287,49064.88104921738,49064.88104921738
2026-02-02,long,HK.00358,1103.0104533809535,0.0943742525602649,47826.533258598145,47826.533258598145
2026-02-02,long,HK.00631,4129.90919051175,0.09575533768974116,48526.432988513065,48526.432988513065
2026-02-02,long,HK.00966,2190.197901643649,0.1066628385504684,54054.084212565256,54054.084212565256
2026-02-02,long,HK.01138,3503.988109230225,0.0945182694551309,47899.51745317717,47899.51745317717
2026-02-02,long,HK.01164,11187.53088159576,0.09912089421101739,50232.013658364966,50232.013658364966
2026-02-02,long,HK.01347,506.48119108892735,0.10334000632732418,52370.15515859509,52370.15515859509
2026-02-02,long,HK.02338,1882.6602778664674,0.09428621470052868,47781.91785225094,47781.91785225094
2026-02-02,long,HK.03393,2069.929481216795,0.09427053629845825,47773.972426483626,47773.972426483626
2026-02-02,long,HK.06869,723.944667648351,0.12085381373664321,61245.71888305049,61245.71888305049
2026-02-03,long,HK.00005,374.02822976306385,0.0953836804798283,50635.79961459627,50635.79961459627
2026-02-03,long,HK.00016,424.43827538594445,0.09763774496769895,51832.402190131535,51832.402190131535
2026-02-03,long,HK.00631,4129.90919051175,0.09957879707540067,52862.83763855041,52862.83763855041
2026-02-03,long,HK.00966,2190.197901643649,0.10438071882402006,55412.00691158432,55412.00691158432
2026-02-03,long,HK.01138,3503.988109230225,0.09372757305284427,49756.63115106919,49756.63115106919
2026-02-03,long,HK.02318,706.3360299547758,0.09486746450721474,50361.75893577551,50361.75893577551
2026-02-03,long,HK.02338,1882.6602778664674,0.09639129512706457,51170.70635241058,51170.70635241058
2026-02-03,long,HK.02628,1495.7704163748194,0.09709494412100514,51544.24854827628,51544.24854827628
2026-02-03,long,HK.06869,723.944667648351,0.12948419056566382,68738.54619321093,68738.54619321093
2026-02-03,long,HK.09626,191.89507983299762,0.0914535912792595,48549.4551977484,48549.4551977484
2026-02-04,long,HK.00005,374.02822976306385,0.09407206672009087,50673.20243757258,50673.20243757258
2026-02-04,long,HK.00631,4129.90919051175,0.10036042289923221,54060.51130379881,54060.51130379881
2026-02-04,long,HK.00966,2190.197901643649,0.10433315591849658,56200.47815617603,56200.47815617603
2026-02-04,long,HK.01138,3503.988109230225,0.09985121120618702,53786.21747668395,53786.21747668395
2026-02-04,long,HK.02259,222.6777301460788,0.08912671011711064,48009.31861949459,48009.31861949459
2026-02-04,long,HK.02318,706.3360299547758,0.09447734471189018,50891.51095824159,50891.51095824159
2026-02-04,long,HK.02338,1882.6602778664674,0.09974893375198444,53731.12433030898,53731.12433030898
2026-02-04,long,HK.02628,1495.7704163748194,0.0976328887966054,52591.287839738645,52591.287839738645
2026-02-04,long,HK.03939,3285.61465747254,0.0959461789460389,51682.718562043054,51682.718562043054
2026-02-04,long,HK.06869,723.944667648351,0.12445108693236376,67037.2762242373,67037.2762242373
2026-02-05,long,HK.00005,374.02822976306385,0.09653495586097018,50486.18832269105,50486.18832269105
2026-02-05,long,HK.00016,399.5050776028467,0.09611341395373021,50265.72886399017,50265.72886399017
2026-02-05,long,HK.00386,9139.051047604722,0.0927913821352059,48528.36106278107,48528.36106278107
2026-02-05,long,HK.00631,4129.90919051175,0.10186904436897581,53275.82855760158,53275.82855760158
2026-02-05,long,HK.00966,2190.197901643649,0.10553485522706166,55192.98712141995,55192.98712141995
2026-02-05,long,HK.01138,3503.988109230225,0.09996396326603492,52279.50258971495,52279.50258971495
2026-02-05,long,HK.02338,1882.6602778664674,0.09791582398822749,51208.35955796791,51208.35955796791
2026-02-05,long,HK.02628,1495.7704163748194,0.09781446071624432,51155.34824001883,51155.34824001883
2026-02-05,long,HK.03939,3285.61465747254,0.09172368674490741,47969.97399909908,47969.97399909908
2026-02-05,long,HK.06869,723.944667648351,0.1197384137386421,62621.21375158236,62621.21375158236
2026-02-06,long,HK.00005,374.02822976306385,0.09431471924473714,49102.28387256771,49102.28387256771
2026-02-06,long,HK.00006,809.6059429052214,0.09672569427551118,50357.48964870477,50357.48964870477
2026-02-06,long,HK.00016,399.5050776028467,0.09677965042403026,50385.58038727103,50385.58038727103
2026-02-06,long,HK.00066,1373.3594787233972,0.09670623454139028,50347.35848999974,50347.35848999974
2026-02-06,long,HK.00966,2190.197901643649,0.10365776617929748,53966.47629649951,53966.47629649951
2026-02-06,long,HK.01038,772.7594709126167,0.09640538101938997,50190.727635774456,50190.727635774456
2026-02-06,long,HK.01138,3503.988109230225,0.09960981251148944,51859.02401660733,51859.02401660733
2026-02-06,long,HK.02338,1882.6602778664674,0.0967689106638521,50379.98903570667,50379.98903570667
2026-02-06,long,HK.03939,3285.61465747254,0.0927708948146072,48298.53546484633,48298.53546484633
2026-02-06,long,HK.06869,723.944667648351,0.126260936325695,65734.17582247026,65734.17582247026
2026-02-09,long,HK.00005,374.02822976306385,0.09249640766944957,50785.4109065015,50785.4109065015
2026-02-09,long,HK.00016,399.5050776028467,0.09496974327819917,52143.40272872356,52143.40272872356
2026-02-09,long,HK.00631,3657.93156473832,0.09527029479046827,52308.42137575798,52308.42137575798
2026-02-09,long,HK.00966,2190.197901643649,0.10219940783363271,56112.870240110286,56112.870240110286
2026-02-09,long,HK.01038,772.7594709126167,0.09063920742555287,49765.70992677252,49765.70992677252
2026-02-09,long,HK.01138,3503.988109230225,0.09757891944769922,53575.97819013013,53575.97819013013
2026-02-09,long,HK.01797,1645.2886764305435,0.0966701443799839,53077.01270164933,53077.01270164933
2026-02-09,long,HK.02338,1882.6602778664674,0.09655849887377423,53015.713424719725,53015.713424719725
2026-02-09,long,HK.03939,3285.61465747254,0.09556688686024566,52471.26607983647,52471.26607983647
2026-02-09,long,HK.06869,723.944667648351,0.13805048944099463,75797.00670278235,75797.00670278235
2026-02-10,long,HK.00005,374.02822976306385,0.09212364158393008,51159.43913626456,51159.43913626456
2026-02-10,long,HK.00016,399.5050776028467,0.09209699259891771,51144.64003471644,51144.64003471644
2026-02-10,long,HK.00631,3657.93156473832,0.09504892941892538,52783.95247917396,52783.95247917396
2026-02-10,long,HK.00966,2190.197901643649,0.10049121671650191,55806.24253388018,55806.24253388018
2026-02-10,long,HK.01138,3503.988109230225,0.10177528178067911,56519.32820188352,56519.32820188352
2026-02-10,long,HK.01797,1645.2886764305435,0.08651079091456727,48042.42935177187,48042.42935177187
2026-02-10,long,HK.02338,1882.6602778664674,0.09899200790405654,54973.680113700844,54973.680113700844
2026-02-10,long,HK.02628,1404.9509925462023,0.08986269828798597,49903.859255241114,49903.859255241114
2026-02-10,long,HK.03939,3285.61465747254,0.09448586988842482,52471.26607983647,52471.26607983647
2026-02-10,long,HK.06869,723.944667648351,0.14861257090601124,82529.69211191201,82529.69211191201
2026-02-11,long,HK.00016,399.5050776028467,0.09547523499605684,51464.24409679871,51464.24409679871
2026-02-11,long,HK.00386,9233.927422711376,0.09438939301583618,50878.94009913968,50878.94009913968
2026-02-11,long,HK.00631,3657.93156473832,0.09683774928234057,52198.68342881583,52198.68342881583
2026-02-11,long,HK.00966,2190.197901643649,0.10149880528062453,54711.14358305835,54711.14358305835
2026-02-11,long,HK.01138,3503.988109230225,0.10530834219329113,56764.607369529636,56764.607369529636
2026-02-11,long,HK.02338,1882.6602778664674,0.10331306997889542,55689.0910192901,55689.0910192901
2026-02-11,long,HK.02628,1404.9509925462023,0.0889314422719594,47936.92786567642,47936.92786567642
2026-02-11,long,HK.02656,543.6863076695213,0.06344306834391121,34197.86875241289,34197.86875241289
2026-02-11,long,HK.03939,3285.61465747254,0.10642557477748797,57366.83191947055,57366.83191947055
2026-02-11,long,HK.06869,723.944667648351,0.1443773198595968,77824.05177219774,77824.05177219774
2026-02-12,long,HK.00016,399.5050776028467,0.09464030295884654,52942.41288392925,52942.41288392925
2026-02-12,long,HK.00386,9233.927422711376,0.09342761859701426,52264.02921254639,52264.02921254639
2026-02-12,long,HK.00631,3657.93156473832,0.09625333309040054,53844.752632948075,53844.752632948075
2026-02-12,long,HK.00669,382.020364289668,0.08201662858396322,45880.64575118913,45880.64575118913
2026-02-12,long,HK.01138,3503.988109230225,0.11024215209644089,61670.19072245196,61670.19072245196
2026-02-12,long,HK.02259,200.36851127878913,0.07951605713240628,44481.809503891185,44481.809503891185
2026-02-12,long,HK.02338,1882.6602778664674,0.10547349639251825,59002.573108335084,59002.573108335084
2026-02-12,long,HK.02883,4795.941693987599,0.0839322716540002,46952.26918413859,46952.26918413859
2026-02-12,long,HK.03939,3285.61465747254,0.09855552482669536,55132.61395238922,55132.61395238922
2026-02-12,long,HK.06869,723.944667648351,0.15594261466771425,87235.3324516263,87235.3324516263
2026-02-13,long,HK.00016,399.5050776028467,0.09867965713687198,53022.313899050314,53022.313899050314
2026-02-13,long,HK.00631,3657.93156473832,0.09837219876064335,52857.11111046872,52857.11111046872
2026-02-13,long,HK.01138,3503.988109230225,0.10597049047488866,56939.80677499116,56939.80677499116
2026-02-13,long,HK.01888,2424.488689241225,0.08744659236779086,46986.59079749494,46986.59079749494
2026-02-13,long,HK.02338,1882.6602778664674,0.10707652412468295,57534.09809159924,57534.09809159924
2026-02-13,long,HK.02689,4851.4976369951755,0.08640854998978391,46428.83238604383,46428.83238604383
2026-02-13,long,HK.02883,4795.941693987599,0.084169460349501,45225.73017430306,45225.73017430306
2026-02-13,long,HK.03808,1114.8688190908729,0.08689592239398831,46690.70614352576,46690.70614352576
2026-02-13,long,HK.03939,3285.61465747254,0.09636998598682199,51781.287001767225,51781.287001767225
2026-02-13,long,HK.06869,723.944667648351,0.1486106184150269,79851.09684161312,79851.09684161312
2026-02-16,long,HK.00016,399.5050776028467,0.0973289245289348,53421.81897665316,53421.81897665316
2026-02-16,long,HK.00631,3657.93156473832,0.09769960313145754,53625.276739063775,53625.276739063775
2026-02-16,long,HK.01138,3503.988109230225,0.10980302979538517,60268.59547875987,60268.59547875987
2026-02-16,long,HK.01888,2424.488689241225,0.08644387788787646,47447.24364845078,47447.24364845078
2026-02-16,long,HK.02338,1882.6602778664674,0.10674186855270895,58588.38784720447,58588.38784720447
2026-02-16,long,HK.02689,4851.4976369951755,0.08662139089991945,47544.676842552726,47544.676842552726
2026-02-16,long,HK.03393,1709.7778152615076,0.08310913383340905,45616.87211117702,45616.87211117702
2026-02-16,long,HK.03808,1114.8688190908729,0.0844968176979484,46378.54287418031,46378.54287418031
2026-02-16,long,HK.03939,3285.61465747254,0.09607600081433759,52734.11525243427,52734.11525243427
2026-02-16,long,HK.06869,723.944667648351,0.1516793528580226,83253.63677956037,83253.63677956037
2026-02-20,long,HK.00016,399.5050776028467,0.0971578455434227,53821.32405425601,53821.32405425601
2026-02-20,long,HK.00631,3657.93156473832,0.09898302161349036,54832.39415542742,54832.39415542742
2026-02-20,long,HK.00669,387.7003222467697,0.08377487926839809,46407.72857293834,46407.72857293834
2026-02-20,long,HK.01138,3503.988109230225,0.11569106724437421,64087.94251782081,64087.94251782081
2026-02-20,long,HK.01888,2424.488689241225,0.08486360364688483,47010.835684387355,47010.835684387355
2026-02-20,long,HK.02338,1882.6602778664674,0.10610316931238759,58776.65387499111,58776.65387499111
2026-02-20,long,HK.02689,4851.4976369951755,0.08609002625338362,47690.221771662575,47690.221771662575
2026-02-20,long,HK.03393,1709.7778152615076,0.08321144500878373,46095.609899450246,46095.609899450246
2026-02-20,long,HK.03939,3285.61465747254,0.09827943111848919,54442.634874319985,54442.634874319985
2026-02-20,long,HK.06869,723.944667648351,0.14584551099038573,80792.22490955597,80792.22490955597
2026-02-23,long,HK.00016,399.5050776028467,0.09673892671897824,55539.19588834776,55539.19588834776
2026-02-23,long,HK.00631,3657.93156473832,0.09933067081613985,57027.15309427041,57027.15309427041
2026-02-23,long,HK.00669,387.7003222467697,0.08366987987757714,48036.06992637477,48036.06992637477
2026-02-23,long,HK.01138,3503.988109230225,0.11077478867934264,63597.38418252858,63597.38418252858
2026-02-23,long,HK.01164,8902.675884365672,0.07753400964895447,44513.37942182836,44513.37942182836
2026-02-23,long,HK.01888,2424.488689241225,0.08606489022963741,49411.07948673616,49411.07948673616
2026-02-23,long,HK.02338,1882.6602778664674,0.10434552103426702,59906.25004171099,59906.25004171099
2026-02-23,long,HK.02689,4851.4976369951755,0.08036334739795319,46137.74252782412,46137.74252782412
2026-02-23,long,HK.03939,3285.61465747254,0.10015124514519,57498.256505769445,57498.256505769445
2026-02-23,long,HK.06869,723.944667648351,0.16102672045196018,92447.73405869443,92447.73405869443
2026-02-24,long,HK.00016,399.5050776028467,0.09373309988604447,55259.542334025755,55259.542334025755
2026-02-24,long,HK.00631,3657.93156473832,0.09542839243460129,56258.98746567537,56258.98746567537
2026-02-24,long,HK.00669,387.7003222467697,0.08115158712172603,47842.219765251386,47842.219765251386
2026-02-24,long,HK.01138,3503.988109230225,0.11197710066442158,66015.13597789743,66015.13597789743
2026-02-24,long,HK.01888,2424.488689241225,0.09417623865870878,55520.79098362405,55520.79098362405
2026-02-24,long,HK.02338,1882.6602778664674,0.10902376420592405,64274.021886361195,64274.021886361195
2026-02-24,long,HK.02883,4473.101781824499,0.08050259136970289,47459.60990515793,47459.60990515793
2026-02-24,long,HK.03808,1075.1149213690549,0.07943802841089037,46832.00597483603,46832.00597483603
2026-02-24,long,HK.03939,3285.61465747254,0.09591426296469924,56545.428255102415,56545.428255102415
2026-02-24,long,HK.06869,723.944667648351,0.1586549342832813,93533.65106016694,93533.65106016694
2026-02-25,long,HK.00016,399.5050776028467,0.09109406978163004,54100.9776089775,54100.9776089775
2026-02-25,long,HK.00631,3657.93156473832,0.09762247973826972,57978.21530110237,57978.21530110237
2026-02-25,long,HK.00669,387.7003222467697,0.08055570709466628,47842.219765251386,47842.219765251386
2026-02-25,long,HK.01138,3503.988109230225,0.11221686424992582,66645.85383755887,66645.85383755887
2026-02-25,long,HK.01888,2424.488689241225,0.09683220902897502,57508.87170880185,57508.87170880185
2026-02-25,long,HK.02338,1882.6602778664674,0.10581403712009235,62843.200075182685,62843.200075182685
2026-02-25,long,HK.02883,4473.101781824499,0.07704942578326389,45759.83122806463,45759.83122806463
2026-02-25,long,HK.03808,1075.1149213690549,0.07697206495908364,45713.886456612214,45713.886456612214
2026-02-25,long,HK.03939,3285.61465747254,0.1017933583392362,60455.309697494726,60455.309697494726
2026-02-25,long,HK.06869,723.944667648351,0.16004978390485708,95053.9348622285,95053.9348622285
2026-02-26,long,HK.00016,399.5050776028467,0.09094458180798883,54061.027101217216,54061.027101217216
2026-02-26,long,HK.00631,3657.93156473832,0.09747276617778643,57941.63598545499,57941.63598545499
2026-02-26,long,HK.00669,387.7003222467697,0.08204825346415488,48772.70053864363,48772.70053864363
2026-02-26,long,HK.01138,3503.988109230225,0.11164393522402974,66365.53478882046,66365.53478882046
2026-02-26,long,HK.01888,2424.488689241225,0.09902876945622852,58866.58537477695,58866.58537477695
2026-02-26,long,HK.02338,1882.6602778664674,0.10559177556059512,62767.893664068026,62767.893664068026
2026-02-26,long,HK.02883,4473.101781824499,0.07615209060179334,45267.790032063924,45267.790032063924
2026-02-26,long,HK.03808,1075.1149213690549,0.07523860899337256,44724.78072895268,44724.78072895268
2026-02-26,long,HK.03939,3285.61465747254,0.09722434017680504,57793.96182494197,57793.96182494197
2026-02-26,long,HK.06869,723.944667648351,0.16465487853724536,97877.31906605705,97877.31906605705
2026-02-27,long,HK.00016,399.5050776028467,0.09579814991838624,57936.226353964834,57936.226353964834
2026-02-27,long,HK.00522,393.94821144831474,0.07302165358545083,44161.59450335608,44161.59450335608
2026-02-27,long,HK.00631,3657.93156473832,0.09526273630686302,57612.42214462854,57612.42214462854
2026-02-27,long,HK.00669,387.7003222467697,0.0818000848319045,49470.56111868781,49470.56111868781
2026-02-27,long,HK.01138,3503.988109230225,0.10909877179252475,65980.09609680512,65980.09609680512
2026-02-27,long,HK.01888,2424.488689241225,0.09477080121817603,57314.912613662564,57314.912613662564
2026-02-27,long,HK.02338,1882.6602778664674,0.1015460030799383,61412.37826400416,61412.37826400416
2026-02-27,long,HK.03808,1075.1149213690549,0.07317069383248942,44251.730163550295,44251.730163550295
2026-02-27,long,HK.03939,3285.61465747254,0.09741006531360794,58911.07080848264,58911.07080848264
2026-02-27,long,HK.06869,723.944667648351,0.1781210401206592,107722.96654607463,107722.96654607463
2026-03-02,long,HK.00016,399.5050776028467,0.09241822168570298,57536.72127636199,57536.72127636199
2026-03-02,long,HK.00631,3657.93156473832,0.09383243567770069,58417.16708887097,58417.16708887097
2026-03-02,long,HK.00669,387.7003222467697,0.0781542114068894,48656.3904419696,48656.3904419696
2026-03-02,long,HK.01138,3503.988109230225,0.1153795875907326,71831.75623921961,71831.75623921961
2026-03-02,long,HK.01171,2984.4608221608355,0.0692222279114772,43095.614272002465,43095.614272002465
2026-03-02,long,HK.01888,2424.488689241225,0.09237348838405618,57508.87170880185,57508.87170880185
2026-03-02,long,HK.02259,180.43288652604318,0.0709479102423726,44169.97062157537,44169.97062157537
2026-03-02,long,HK.02338,1882.6602778664674,0.09864348650295302,61412.37826400416,61412.37826400416
2026-03-02,long,HK.03939,3285.61465747254,0.09599792014173388,59765.330619425506,59765.330619425506
2026-03-02,long,HK.06869,723.944667648351,0.1930305104563816,120174.81482962627,120174.81482962627
2026-03-03,long,HK.00016,399.5050776028467,0.09558624427752531,56657.81010563572,56657.81010563572
2026-03-03,long,HK.00631,3657.93156473832,0.08942101084682606,53003.42837305826,53003.42837305826
2026-03-03,long,HK.00669,387.7003222467697,0.08077904844006663,47880.98979747606,47880.98979747606
2026-03-03,long,HK.01138,3503.988109230225,0.12355050452984542,73233.35148291169,73233.35148291169
2026-03-03,long,HK.01171,2984.4608221608355,0.0721015354694275,42737.47897334317,42737.47897334317
2026-03-03,long,HK.01888,2424.488689241225,0.09211368614202373,54599.48528171239,54599.48528171239
2026-03-03,long,HK.02259,180.43288652604318,0.06818664599716766,40416.96658183367,40416.96658183367
2026-03-03,long,HK.02338,1882.6602778664674,0.09649289634985007,57195.219241583276,57195.219241583276
2026-03-03,long,HK.03939,3285.61465747254,0.09245880733158456,54804.052486641966,54804.052486641966
2026-03-03,long,HK.06869,723.944667648351,0.18930962061568302,112211.42348549441,112211.42348549441
2026-03-04,long,HK.00016,399.5050776028467,0.09679966030868606,55339.44334954633,55339.44334954633
2026-03-04,long,HK.00631,3657.93156473832,0.09226561554213272,52747.37316352657,52747.37316352657
2026-03-04,long,HK.00669,387.7003222467697,0.08260046595743765,47221.89924965655,47221.89924965655
2026-03-04,long,HK.01138,3503.988109230225,0.1147993550153295,65629.69728588211,65629.69728588211
2026-03-04,long,HK.01171,2984.4608221608355,0.07324240562501848,41871.98533491652,41871.98533491652
2026-03-04,long,HK.01888,2424.488689241225,0.0942330534641956,53872.13867494002,53872.13867494002
2026-03-04,long,HK.02338,1882.6602778664674,0.09912369942200186,56668.07436378067,56668.07436378067
2026-03-04,long,HK.02883,3514.1781676963224,0.06325257321803063,36160.893345595156,36160.893345595156
2026-03-04,long,HK.03939,3285.61465747254,0.09500107678399979,54311.21028802109,54311.21028802109
2026-03-04,long,HK.06869,723.944667648351,0.18868209466316768,107867.7554796043,107867.7554796043
2026-03-05,long,HK.00016,399.5050776028467,0.09859123225080724,56697.760613396,56697.760613396
2026-03-05,long,HK.00631,3657.93156473832,0.09216719073702782,53003.42837305826,53003.42837305826
2026-03-05,long,HK.00669,387.7003222467697,0.0819114905112411,47105.58915298252,47105.58915298252
2026-03-05,long,HK.01138,3503.988109230225,0.11199032875460586,64403.30144765153,64403.30144765153
2026-03-05,long,HK.01171,2984.4608221608355,0.07286271984932138,41901.82994313813,41901.82994313813
2026-03-05,long,HK.01888,2424.488689241225,0.09603869959608981,55229.85234091511,55229.85234091511
2026-03-05,long,HK.02259,161.76626837124508,0.05952179495427389,34229.74238735546,34229.74238735546
2026-03-05,long,HK.02338,1882.6602778664674,0.10390854671619852,59755.63721948167,59755.63721948167
2026-03-05,long,HK.03939,3285.61465747254,0.09392708173857106,54015.50496884856,54015.50496884856
2026-03-05,long,HK.06869,723.944667648351,0.1890809148918634,108736.48908078231,108736.48908078231
2026-03-06,long,HK.00016,399.5050776028467,0.10037466242504214,56338.206043553444,56338.206043553444
2026-03-06,long,HK.00669,387.7003222467697,0.08226763401834394,46175.10837959027,46175.10837959027
2026-03-06,long,HK.00883,1615.6497696252948,0.07662603577766065,43008.596867425345,43008.596867425345
2026-03-06,long,HK.01138,3503.988109230225,0.11848951333077293,66505.69431318967,66505.69431318967
2026-03-06,long,HK.01171,2984.4608221608355,0.07656837992525806,42976.23583911603,42976.23583911603
2026-03-06,long,HK.01888,2424.488689241225,0.09373482655778936,52611.40455653458,52611.40455653458
2026-03-06,long,HK.02338,1882.6602778664674,0.1065303949695528,59793.290425039006,59793.290425039006
2026-03-06,long,HK.03858,323.8374053831646,0.07258196744457285,40738.745597202105,40738.745597202105
2026-03-06,long,HK.03939,3285.61465747254,0.0941876053193505,52865.539838733166,52865.539838733166
2026-03-06,long,HK.06869,723.944667648351,0.17863898023165659,100266.33646929661,100266.33646929661
2026-03-09,long,HK.00016,399.5050776028467,0.09829389417934577,54300.73014777892,54300.73014777892
2026-03-09,long,HK.00316,318.04098443086025,0.08911994652832994,49232.74438989717,49232.74438989717
2026-03-09,long,HK.00857,4520.582545998391,0.08706766621970459,48098.99828942288,48098.99828942288
2026-03-09,long,HK.00883,1615.6497696252948,0.0804267998605456,44430.368664695605,44430.368664695605
2026-03-09,long,HK.00916,6425.808906380854,0.09107736137455939,50314.083736962086,50314.083736962086
2026-03-09,long,HK.01072,1209.3770609606386,0.09448525394874539,52196.71395106116,52196.71395106116
2026-03-09,long,HK.01138,3503.988109230225,0.11017506464896344,60864.27345732901,60864.27345732901
2026-03-09,long,HK.01171,2984.4608221608355,0.08081990721939268,44647.533899526105,44647.533899526105
2026-03-09,long,HK.03858,323.8374053831646,0.08218563153078126,45402.00423471967,45402.00423471967
2026-03-09,long,HK.06869,723.944667648351,0.18634847448963204,102944.9317395955,102944.9317395955
2026-03-10,long,HK.00016,399.5050776028467,0.09546912941121181,55339.44334954633,55339.44334954633
2026-03-10,long,HK.00316,318.04098443086025,0.08334298265676336,48310.425535047674,48310.425535047674
2026-03-10,long,HK.00857,4520.582545998391,0.08001472934659784,46381.17692194349,46381.17692194349
2026-03-10,long,HK.00883,1615.6497696252948,0.07542289378699522,43719.48276606047,43719.48276606047
2026-03-10,long,HK.01072,1209.3770609606386,0.08917116087174377,51688.7755854577,51688.7755854577
2026-03-10,long,HK.01171,2984.4608221608355,0.07589122124698729,43990.952518650716,43990.952518650716
2026-03-10,long,HK.02883,5664.089557547284,0.09576004977852674,55508.07766396339,55508.07766396339
2026-03-10,long,HK.03393,1977.0543520220976,0.10020711901150581,58085.85686240923,58085.85686240923
2026-03-10,long,HK.03858,323.8374053831646,0.08391220237089848,48640.37828855132,48640.37828855132
2026-03-10,long,HK.06869,723.944667648351,0.22080851151876965,127993.41724022847,127993.41724022847
2026-03-11,long,HK.00016,399.5050776028467,0.09596270186114765,54692.245123829714,54692.245123829714
2026-03-11,long,HK.00857,4520.582545998391,0.08328377813418854,47466.1167329831,47466.1167329831
2026-03-11,long,HK.00883,1615.6497696252948,0.07954476539603782,45335.13253568577,45335.13253568577
2026-03-11,long,HK.01072,1209.3770609606386,0.0885708652070995,50479.39852449705,50479.39852449705
2026-03-11,long,HK.01171,2984.4608221608355,0.08053764628937679,45901.00744483365,45901.00744483365
2026-03-11,long,HK.03317,354.92247570450644,0.08799386211918762,50150.54581704676,50150.54581704676
2026-03-11,long,HK.03330,1688.3779519899501,0.08709509920951296,49638.31178850453,49638.31178850453
2026-03-11,long,HK.03393,1977.0543520220976,0.10261089935510365,58481.26773281364,58481.26773281364
2026-03-11,long,HK.03858,323.8374053831646,0.08608279502071337,49061.366915549435,49061.366915549435
2026-03-11,long,HK.06869,723.944667648351,0.20831758740763212,118726.92549432957,118726.92549432957
2026-03-12,long,HK.00316,334.2029992104096,0.09094683880705602,51534.10247824516,51534.10247824516
2026-03-12,long,HK.00857,4520.582545998391,0.08472504575411374,48008.58663850291,48008.58663850291
2026-03-12,long,HK.00883,1615.6497696252948,0.08297229512356451,47015.40829609608,47015.40829609608
2026-03-12,long,HK.01072,1209.3770609606386,0.0863962956681498,48955.583427686644,48955.583427686644
2026-03-12,long,HK.01138,2827.9026074217945,0.09008127945715261,51043.642063963394,51043.642063963394
2026-03-12,long,HK.01171,2984.4608221608355,0.08769463229265945,49691.27268897791,49691.27268897791
2026-03-12,long,HK.03317,354.92247570450644,0.08881833436479286,50328.00705489902,50328.00705489902
2026-03-12,long,HK.03393,1977.0543520220976,0.10257908731671761,58125.39794944967,58125.39794944967
2026-03-12,long,HK.03858,323.8374053831646,0.08366830663202875,47409.7961480953,47409.7961480953
2026-03-12,long,HK.06869,723.944667648351,0.20211788458376465,114528.04642196912,114528.04642196912
2026-03-13,long,HK.00316,334.2029992104096,0.08869125588972453,47690.767987325446,47690.767987325446
2026-03-13,long,HK.00857,4520.582545998391,0.08970265798119044,48234.61576580283,48234.61576580283
2026-03-13,long,HK.00883,1615.6497696252948,0.08941834725325959,48081.73714404878,48081.73714404878
2026-03-13,long,HK.01072,1209.3770609606386,0.08838951801083683,47528.518495753095,47528.518495753095
2026-03-13,long,HK.01171,2984.4608221608355,0.09041353610494522,48616.86679300001,48616.86679300001
2026-03-13,long,HK.01898,3743.488109935792,0.10080718987955357,54205.70783187027,54205.70783187027
2026-03-13,long,HK.03317,354.92247570450644,0.07458619189768628,40106.239754609225,40106.239754609225
2026-03-13,long,HK.03393,1977.0543520220976,0.10280216582739114,55278.43968253785,55278.43968253785
2026-03-13,long,HK.03668,1266.2287999790033,0.1051337851439829,56532.19028903058,56532.19028903058
2026-03-13,long,HK.03858,323.8374053831646,0.07636471816816269,41062.58300258527,41062.58300258527
2026-03-16,long,HK.00019,648.2322945961855,0.10181339684014877,54192.219828241105,54192.219828241105
2026-03-16,long,HK.00857,4520.582545998391,0.09019592293234181,48008.58663850291,48008.58663850291
2026-03-16,long,HK.00883,1615.6497696252948,0.08936202773740631,47564.72921776868,47564.72921776868
2026-03-16,long,HK.00916,6412.786704586817,0.0992754794197275,52841.36244579537,52841.36244579537
2026-03-16,long,HK.01072,1209.3770609606386,0.08879413238696462,47262.455542341755,47262.455542341755
2026-03-16,long,HK.01171,2984.4608221608355,0.09094623362833905,48407.95453544875,48407.95453544875
2026-03-16,long,HK.01898,3743.488109935792,0.09979914939603528,53120.09627998889,53120.09627998889
2026-03-16,long,HK.03668,1266.2287999790033,0.10268880182302206,54658.17166506166,54658.17166506166
2026-03-16,long,HK.03858,323.8374053831646,0.07635521832271683,40641.594375587156,40641.594375587156
2026-03-16,long,HK.06869,330.89348371146,0.09934201754751065,52876.778697091315,52876.778697091315
2026-03-17,long,HK.00019,648.2322945961855,0.1081212469893307,55229.39149959501,55229.39149959501
2026-03-17,long,HK.00857,4520.582545998391,0.09363125814465136,47827.763336662974,47827.763336662974
2026-03-17,long,HK.00883,1615.6497696252948,0.09109205471485866,46530.71336520849,46530.71336520849
2026-03-17,long,HK.01072,1209.3770609606386,0.08821559443204897,45061.38929139339,45061.38929139339
2026-03-17,long,HK.01171,2984.4608221608355,0.09184578098730867,46915.72412436834,46915.72412436834
2026-03-17,long,HK.01898,3743.488109935792,0.10267279409679553,52446.268420200446,52446.268420200446
2026-03-17,long,HK.03668,1266.2287999790033,0.10174778870323428,51973.76660910616,51973.76660910616
2026-03-17,long,HK.03750,78.92895832474669,0.09890916144758753,50523.768015961876,50523.768015961876
2026-03-17,long,HK.03986,120.51225507122616,0.09517171483526413,48614.64369573263,48614.64369573263
2026-03-17,long,HK.06869,330.89348371146,0.09068950635044543,46325.0877196044,46325.0877196044
2026-03-18,long,HK.00019,648.2322945961855,0.10844973500139564,55910.035408921,55910.035408921
2026-03-18,long,HK.00148,1328.8476157059597,0.10202102891467583,52595.78862964188,52595.78862964188
2026-03-18,long,HK.00857,4520.582545998391,0.0918955358206448,47375.705082063134,47375.705082063134
2026-03-18,long,HK.00883,1615.6497696252948,0.08868953673397414,45722.88848039584,45722.88848039584
2026-03-18,long,HK.01171,2984.4608221608355,0.09233477545747093,47602.15011346532,47602.15011346532
2026-03-18,long,HK.01428,3744.052406295624,0.09622690667780116,49608.69438341702,49608.69438341702
2026-03-18,long,HK.01898,3743.488109935792,0.10252974626722397,52858.052112293386,52858.052112293386
2026-03-18,long,HK.03317,341.956786441667,0.0988980203590159,50985.75685845255,50985.75685845255
2026-03-18,long,HK.03668,1266.2287999790033,0.10498989805898769,54126.355569070474,54126.355569070474
2026-03-18,long,HK.03750,78.92895832474669,0.098384641932475,50721.09041177374,50721.09041177374
2026-03-19,long,HK.00148,1328.8476157059597,0.09619429197992306,49831.785588973486,49831.785588973486
2026-03-19,long,HK.00883,1615.6497696252948,0.09225464582453158,47790.92018551622,47790.92018551622
2026-03-19,long,HK.01138,2634.742752438453,0.09836430811133519,50955.92483215968,50955.92483215968
2026-03-19,long,HK.01171,2984.4608221608355,0.09580782577936264,49631.583472534694,49631.583472534694
2026-03-19,long,HK.01308,1485.7400840607163,0.10072567834694171,52179.191752212355,52179.191752212355
2026-03-19,long,HK.01898,3743.488109935792,0.10449309774571103,54130.83806967156,54130.83806967156
2026-03-19,long,HK.03668,1266.2287999790033,0.11273125425641944,58398.47225503163,58398.47225503163
2026-03-19,long,HK.03750,78.92895832474669,0.09692062956040218,50208.05218266288,50208.05218266288
2026-03-19,long,HK.03986,121.44614240063363,0.10169886952513879,52683.336573394874,52683.336573394874
2026-03-19,long,HK.06869,351.11979945761425,0.09882246827004552,51193.26676092016,51193.26676092016
2026-03-20,long,HK.00857,4888.003392179182,0.10104188445032454,53328.117008674875,53328.117008674875
2026-03-20,long,HK.00883,1615.6497696252948,0.09299940727741413,49083.440001216455,49083.440001216455
2026-03-20,long,HK.01138,2634.742752438453,0.09589826975629626,50613.408274342684,50613.408274342684
2026-03-20,long,HK.01171,2984.4608221608355,0.09505583554902122,50168.78642052364,50168.78642052364
2026-03-20,long,HK.01308,1485.7400840607163,0.0980767745667157,51763.18452867536,51763.18452867536
2026-03-20,long,HK.01898,3743.488109935792,0.10298838847290048,54355.4473562677,54355.4473562677
2026-03-20,long,HK.03317,343.4334028156178,0.09565442288372548,50484.710213895814,50484.710213895814
2026-03-20,long,HK.03668,1266.2287999790033,0.11276004310247713,59512.75359901315,59512.75359901315
2026-03-20,long,HK.03750,78.92895832474669,0.10320584286353485,54470.21593219921,54470.21593219921
2026-03-20,long,HK.06869,351.11979945761425,0.10231913107759023,54002.22515658107,54002.22515658107
2026-03-23,long,HK.00857,4888.003392179182,0.10219902980589186,52594.916499848,52594.916499848
2026-03-23,long,HK.00883,1615.6497696252948,0.09575248756883183,49277.31797357149,49277.31797357149
2026-03-23,long,HK.01088,1025.5285164597599,0.09696675200567095,49902.21761093191,49902.21761093191
2026-03-23,long,HK.01138,2634.742752438453,0.1008573255522791,51904.43222303752,51904.43222303752
2026-03-23,long,HK.01171,2984.4608221608355,0.09626689698465936,49542.04964786988,49542.04964786988
2026-03-23,long,HK.01308,1485.7400840607163,0.09590593232314171,49356.28559249699,49356.28559249699
2026-03-23,long,HK.01898,3743.488109935792,0.10423789953988843,53644.184615379905,53644.184615379905
2026-03-23,long,HK.03668,1266.2287999790033,0.11313165934859701,58221.20022303457,58221.20022303457
2026-03-23,long,HK.03750,78.92895832474669,0.10032168327305559,51628.77343250833,51628.77343250833
2026-03-23,long,HK.06088,7517.162638598457,0.09436033359798415,48560.87064534603,48560.87064534603
2026-03-24,long,HK.00857,4888.003392179182,0.10266119431635581,52399.396364160835,52399.396364160835
2026-03-24,long,HK.00883,1615.6497696252948,0.09318908704394956,47564.72921776868,47564.72921776868
2026-03-24,long,HK.01088,1025.5285164597599,0.09543801086455446,48712.604531838595,48712.604531838595
2026-03-24,long,HK.01138,2634.742752438453,0.10964094228170583,55961.93606179274,55961.93606179274
2026-03-24,long,HK.01171,2984.4608221608355,0.09530891266961782,48646.71140122162,48646.71140122162
2026-03-24,long,HK.01428,3825.8012068543376,0.09729199765226101,49658.8996649693,49658.8996649693
2026-03-24,long,HK.01898,3743.488109935792,0.1025329984205772,52333.963776902376,52333.963776902376
2026-03-24,long,HK.03317,351.948715839505,0.09501860078980894,48498.53304268379,48498.53304268379
2026-03-24,long,HK.03668,1266.2287999790033,0.1103957175216079,56347.18159906565,56347.18159906565
2026-03-24,long,HK.03750,78.92895832474669,0.09852253843956144,50286.981140987635,50286.981140987635
2026-03-25,long,HK.00666,3043.208199631786,0.09768576624689734,50182.503211928146,50182.503211928146
2026-03-25,long,HK.00857,4888.003392179182,0.10200119278807225,52399.396364160835,52399.396364160835
2026-03-25,long,HK.00883,1615.6497696252948,0.0896336433114846,46046.018434320904,46046.018434320904
2026-03-25,long,HK.01138,2634.742752438453,0.10791030509298805,55434.98751130505,55434.98751130505
2026-03-25,long,HK.01171,2984.4608221608355,0.09196567513330257,47244.014814806025,47244.014814806025
2026-03-25,long,HK.01308,1469.8731280753764,0.09774097764303022,50210.86605505485,50210.86605505485
2026-03-25,long,HK.03668,1266.2287999790033,0.10993247666655846,56473.80447906355,56473.80447906355
2026-03-25,long,HK.03750,78.92895832474669,0.09673681474600285,49695.013953552036,49695.013953552036
2026-03-25,long,HK.06088,6704.8223435737755,0.10493546468854,53906.77164233315,53906.77164233315
2026-03-25,long,HK.06869,281.7307479153502,0.10145768368312391,52120.18836433979,52120.18836433979
2026-03-26,long,HK.00175,2226.1421748617736,0.0917090076059643,45903.05164564977,45903.05164564977
2026-03-26,long,HK.00666,3043.208199631786,0.09715806925374991,48630.46703011594,48630.46703011594
2026-03-26,long,HK.00857,4888.003392179182,0.1062504625575235,53181.476906909505,53181.476906909505
2026-03-26,long,HK.01138,2634.742752438453,0.1022251789635871,51166.704252354764,51166.704252354764
2026-03-26,long,HK.01308,1469.8731280753764,0.0989059385674146,49505.326953578675,49505.326953578675
2026-03-26,long,HK.03317,294.1165411004884,0.08914058217063382,44617.479284944086,44617.479284944086
2026-03-26,long,HK.03668,1266.2287999790033,0.11297994041314588,56549.778207062285,56549.778207062285
2026-03-26,long,HK.03750,78.92895832474669,0.09589455562081928,47998.041349569976,47998.041349569976
2026-03-26,long,HK.06088,6704.8223435737755,0.10408274300692522,52096.46960956823,52096.46960956823
2026-03-26,long,HK.06869,281.7307479153502,0.10165352184023638,50880.57307351225,50880.57307351225
2026-03-27,long,HK.00666,3043.208199631786,0.09387435383886607,47534.9120782485,47534.9120782485
2026-03-27,long,HK.00857,4888.003392179182,0.10589425319535485,53621.39721220563,53621.39721220563
2026-03-27,long,HK.00883,1695.6492791611904,0.09731188948766506,49275.56805242419,49275.56805242419
2026-03-27,long,HK.01138,2634.742752438453,0.09875718275702651,50007.41744128184,50007.41744128184
2026-03-27,long,HK.01171,3054.275099110218,0.09705065286607573,49143.28634468341,49143.28634468341
2026-03-27,long,HK.01308,1469.8731280753764,0.09898479659445517,50122.673667370334,50122.673667370334
2026-03-27,long,HK.01898,3482.565799976949,0.09848647973236371,49870.342255669915,49870.342255669915
2026-03-27,long,HK.03317,294.1165411004884,0.10948763381309896,55440.967997442065,55440.967997442065
2026-03-27,long,HK.06088,6704.8223435737755,0.09679187828013919,49012.2513315243,49012.2513315243
2026-03-27,long,HK.06869,281.7307479153502,0.0958636126183237,48542.207865814846,48542.207865814846
2026-03-30,long,HK.00175,2424.2915438316863,0.09913518266604965,51055.57991309531,51055.57991309531
2026-03-30,long,HK.00857,4888.003392179182,0.10573074373429546,54452.35778887609,54452.35778887609
2026-03-30,long,HK.00883,1695.6492791611904,0.09515212025708544,49004.2641677584,49004.2641677584
2026-03-30,long,HK.01088,1054.930414088144,0.09787111960510694,50404.57518513152,50404.57518513152
2026-03-30,long,HK.01171,3054.275099110218,0.09097417141474569,46852.580020350746,46852.580020350746
2026-03-30,long,HK.01898,3482.565799976949,0.09399369633402066,48407.66461967959,48407.66461967959
2026-03-30,long,HK.03317,294.1165411004884,0.11661644159304574,60058.597692719726,60058.597692719726
2026-03-30,long,HK.03668,1040.8588120661263,0.09579762951486744,49336.70769193439,49336.70769193439
2026-03-30,long,HK.03750,80.01129243704825,0.09696207383321193,49936.407801933245,49936.407801933245
2026-03-30,long,HK.06869,281.7307479153502,0.1077668210475712,55500.95733932399,55500.95733932399
2026-03-31,long,HK.00175,2424.2915438316863,0.10225685155793814,50716.179096958884,50716.179096958884
2026-03-31,long,HK.00666,3114.781374478574,0.10010638444238562,49649.61510918847,49649.61510918847
2026-03-31,long,HK.00857,4888.003392179182,0.10594631430301134,52546.036465926205,52546.036465926205
2026-03-31,long,HK.00883,1695.6492791611904,0.09572821281462464,47478.17981651333,47478.17981651333
2026-03-31,long,HK.01171,3054.275099110218,0.08972502608820618,44500.78819403588,44500.78819403588
2026-03-31,long,HK.01898,3482.565799976949,0.09268706967178854,45969.86855969573,45969.86855969573
2026-03-31,long,HK.03317,294.1165411004884,0.11842500311156721,58735.07325776753,58735.07325776753
2026-03-31,long,HK.03668,1040.8588120661263,0.093473375487123,46359.851489425266,46359.851489425266
2026-03-31,long,HK.03750,80.01129243704825,0.09770015062989494,48456.19889184785,48456.19889184785
2026-03-31,long,HK.06869,281.7307479153502,0.10395161189346032,51556.72686850909,51556.72686850909
2026-04-01,long,HK.00175,2424.2915438316863,0.1057346635710905,53285.928133420464,53285.928133420464
2026-04-01,long,HK.00666,3114.781374478574,0.09753026876580177,49151.250089271896,49151.250089271896
2026-04-01,long,HK.00857,4888.003392179182,0.10232666296484894,51568.43578749037,51568.43578749037
2026-04-01,long,HK.03317,294.1165411004884,0.11858998293592465,59764.48115161924,59764.48115161924
2026-04-01,long,HK.03618,6732.451330614164,0.0927123407553643,46723.212234462306,46723.212234462306
2026-04-01,long,HK.03931,1424.9666926760042,0.09166901753104385,46197.42017655606,46197.42017655606
2026-04-01,long,HK.06088,6363.549887840786,0.09419831487192812,47472.08216329227,47472.08216329227
2026-04-01,long,HK.06869,281.7307479153502,0.10392463097130027,52373.74603746361,52373.74603746361
2026-04-01,long,HK.09863,967.7898787757862,0.09841919278222773,49599.23128725904,49599.23128725904
2026-04-01,long,HK.09926,343.5570760354169,0.09489492485046987,47823.14498413003,47823.14498413003
2026-04-02,long,HK.00175,2424.2915438316863,0.11393938072482372,57746.62457407077,57746.62457407077
2026-04-02,long,HK.01308,1424.146378868663,0.09700020852565099,49161.53299854625,49161.53299854625
2026-04-02,long,HK.03317,294.1165411004884,0.1151932978770046,58382.13340844695,58382.13340844695
2026-04-02,long,HK.03618,6732.451330614164,0.09365039003142263,47463.781880829854,47463.781880829854
2026-04-02,long,HK.03931,1424.9666926760042,0.0927824644744156,47023.90085830814,47023.90085830814
2026-04-02,long,HK.03988,10133.825831929456,0.10117453187592011,51277.158709563046,51277.158709563046
2026-04-02,long,HK.06088,6363.549887840786,0.08475210173347926,42953.961742925305,42953.961742925305
2026-04-02,long,HK.06869,281.7307479153502,0.1050614289239802,53247.11135600119,53247.11135600119
2026-04-02,long,HK.09863,967.7898787757862,0.10120551901445408,51292.863575116666,51292.863575116666
2026-04-02,long,HK.09926,343.5570760354169,0.09524067681884893,48269.76918297607,48269.76918297607
2026-04-08,long,HK.00175,2424.2915438316863,0.10894999545860962,57746.62457407077,57746.62457407077
2026-04-08,long,HK.00939,5748.417171537108,0.09229505879850756,48919.03012978078,48919.03012978078
2026-04-08,long,HK.01398,6948.802017022719,0.08980512512034834,47599.29381660563,47599.29381660563
2026-04-08,long,HK.03317,294.1165411004884,0.12896034500449685,68352.6841517535,68352.6841517535
2026-04-08,long,HK.03618,6732.451330614164,0.0885332920274061,46925.18577438073,46925.18577438073
2026-04-08,long,HK.03931,1424.9666926760042,0.09027884988836489,47850.38154006022,47850.38154006022
2026-04-08,long,HK.03988,10133.825831929456,0.09578814753966865,50770.467417966574,50770.467417966574
2026-04-08,long,HK.06869,281.7307479153502,0.11948989178132703,63333.07213137073,63333.07213137073
2026-04-08,long,HK.09863,967.7898787757862,0.09677374729322816,51292.863575116666,51292.863575116666
2026-04-08,long,HK.09926,343.5570760354169,0.08912554708804295,47239.09795486982,47239.09795486982
2026-04-09,long,HK.00175,2424.2915438316863,0.10708322774319963,59104.22783861651,59104.22783861651
2026-04-09,long,HK.01888,2190.5826415750485,0.08779052982662236,48455.68803164007,48455.68803164007
2026-04-09,long,HK.02618,3380.8853538257513,0.08851180485887329,48853.793362782104,48853.793362782104
2026-04-09,long,HK.03317,294.1165411004884,0.15346694331637803,84705.56383694067,84705.56383694067
2026-04-09,long,HK.03618,6732.451330614164,0.08574947169862165,47329.132854217576,47329.132854217576
2026-04-09,long,HK.06088,6128.120496682902,0.08937706356363719,49331.36999829736,49331.36999829736
2026-04-09,long,HK.06869,281.7307479153502,0.12270764380590571,67728.07179885019,67728.07179885019
2026-04-09,long,HK.09863,967.7898787757862,0.09503493191634226,52454.211429647614,52454.211429647614
2026-04-09,long,HK.09926,343.5570760354169,0.08434145687621845,46551.98380279899,46551.98380279899
2026-04-09,long,HK.09969,3126.736838743876,0.0859369263942015,47432.597843744596,47432.597843744596
2026-04-10,long,HK.00175,2424.2915438316863,0.10728848508324713,60558.80276491553,60558.80276491553
2026-04-10,long,HK.02618,3380.8853538257513,0.08649150809861904,48819.98450924385,48819.98450924385
2026-04-10,long,HK.03317,294.1165411004884,0.16153140707022037,91176.1277411514,91176.1277411514
2026-04-10,long,HK.03320,8056.297632875128,0.09049000094995342,51076.926992428314,51076.926992428314
2026-04-10,long,HK.03618,6732.451330614164,0.08468517780036033,47800.40444736057,47800.40444736057
2026-04-10,long,HK.03931,1470.6845969173273,0.0969776699179454,54738.880697262925,54738.880697262925
2026-04-10,long,HK.06869,281.7307479153502,0.11100559359454272,62656.918336373885,62656.918336373885
2026-04-10,long,HK.09863,967.7898787757862,0.09404452997715192,53083.27485085187,53083.27485085187
2026-04-10,long,HK.09926,343.5570760354169,0.08411680592185557,47479.58790809461,47479.58790809461
2026-04-10,long,HK.09969,3126.736838743876,0.08336882158610419,47057.38942309534,47057.38942309534
2026-04-13,long,HK.00175,2424.2915438316863,0.10548223801654809,60461.83110316226,60461.83110316226
2026-04-13,long,HK.00666,2835.2856769508808,0.08161665810000762,46782.21366968953,46782.21366968953
2026-04-13,long,HK.01308,1347.1172864216032,0.08263277077008747,47364.64379058356,47364.64379058356
2026-04-13,long,HK.01772,607.8166016162039,0.08462009123655495,48503.76480897307,48503.76480897307
2026-04-13,long,HK.03317,294.1165411004884,0.18390159280666102,105411.36833041503,105411.36833041503
2026-04-13,long,HK.03750,70.72026193274468,0.08420629440215886,48266.57876909824,48266.57876909824
2026-04-13,long,HK.03931,1470.6845969173273,0.0952413518931121,54591.81223757119,54591.81223757119
2026-04-13,long,HK.06869,281.7307479153502,0.10557633095675009,60515.76465221723,60515.76465221723
2026-04-13,long,HK.09863,967.7898787757862,0.09412911760666917,53954.28574175008,53954.28574175008
2026-04-13,long,HK.09926,343.5570760354169,0.08259355421145056,47342.16507768045,47342.16507768045
2026-04-14,long,HK.00175,2424.2915438316863,0.1057413116338144,60219.40194877909,60219.40194877909
2026-04-14,long,HK.01211,431.6829469409254,0.08292595273163068,47226.11439533724,47226.11439533724
2026-04-14,long,HK.01772,607.8166016162039,0.08810445938142729,50175.26046341763,50175.26046341763
2026-04-14,long,HK.01888,1881.9221362483922,0.08208456428680712,46746.94586441006,46746.94586441006
2026-04-14,long,HK.03317,294.1165411004884,0.17652237554352812,100529.03374814695,100529.03374814695
2026-04-14,long,HK.03750,70.72026193274468,0.08195888682293011,46675.37287561149,46675.37287561149
2026-04-14,long,HK.03931,1470.6845969173273,0.09725414376116012,55385.98191990654,55385.98191990654
2026-04-14,long,HK.06869,281.7307479153502,0.10705322614182497,60966.53384888179,60966.53384888179
2026-04-14,long,HK.09863,967.7898787757862,0.09516502323062963,54196.23321144403,54196.23321144403
2026-04-14,long,HK.09926,343.5570760354169,0.08319005646624772,47376.520785283996,47376.520785283996
2026-04-15,long,HK.00175,2424.2915438316863,0.10568524076831123,58279.96871371374,58279.96871371374
2026-04-15,long,HK.01772,607.8166016162039,0.08646902004213992,47683.2123967912,47683.2123967912
2026-04-15,long,HK.01888,1881.9221362483922,0.08797911619483925,48515.95267248355,48515.95267248355
2026-04-15,long,HK.02618,3086.312535823602,0.08702926733413377,47992.15993205702,47992.15993205702
2026-04-15,long,HK.03317,294.1165411004884,0.16683271806984348,91999.65405623277,91999.65405623277
2026-04-15,long,HK.03750,70.72026193274468,0.08406429743953941,46357.13169691413,46357.13169691413
2026-04-15,long,HK.03931,1470.6845969173273,0.0994771666198827,54856.535465016306,54856.535465016306
2026-04-15,long,HK.06869,281.7307479153502,0.10503943805987437,57923.841771396,57923.841771396
2026-04-15,long,HK.09696,839.2253562239664,0.08195195831834946,45192.28543266059,45192.28543266059
2026-04-15,long,HK.09863,967.7898787757862,0.09547177715308634,52647.76940540277,52647.76940540277
2026-04-16,long,HK.00175,2424.2915438316863,0.10330509971582204,59928.48696351928,59928.48696351928
2026-04-16,long,HK.01772,607.8166016162039,0.08816883990545923,51147.76702600356,51147.76702600356
2026-04-16,long,HK.01888,1881.9221362483922,0.0872654593171722,50623.70546508175,50623.70546508175
2026-04-16,long,HK.02618,3086.312535823602,0.08485726663116762,49226.68494638645,49226.68494638645
2026-04-16,long,HK.03317,294.1165411004884,0.17461077538023406,101293.7367550082,101293.7367550082
2026-04-16,long,HK.03320,7421.992133260362,0.08316149623869357,48242.94886619235,48242.94886619235
2026-04-16,long,HK.03931,1470.6845969173273,0.09588032922676751,55621.29145541332,55621.29145541332
2026-04-16,long,HK.06869,281.7307479153502,0.10587153016660167,61417.303045546345,61417.303045546345
2026-04-16,long,HK.09863,967.7898787757862,0.0947584307197968,54970.46511446465,54970.46511446465
2026-04-16,long,HK.09926,319.72626218252066,0.08212077269828533,47639.21306519558,47639.21306519558
2026-04-17,long,HK.00175,2424.2915438316863,0.10518832678497612,59928.48696351928,59928.48696351928
2026-04-17,long,HK.01888,1881.9221362483922,0.09334865010389752,53183.11957037957,53183.11957037957
2026-04-17,long,HK.02618,3086.312535823602,0.08597081888103628,48979.77994352056,48979.77994352056
2026-04-17,long,HK.03317,294.1165411004884,0.16798528184535375,95705.52247409892,95705.52247409892
2026-04-17,long,HK.03750,72.16898604268904,0.08765787371565315,49940.938341540816,49940.938341540816
2026-04-17,long,HK.03931,1470.6845969173273,0.09613099778697909,54768.29438920127,54768.29438920127
2026-04-17,long,HK.03986,113.42881770237862,0.08576958995790164,48865.13466618471,48865.13466618471
2026-04-17,long,HK.06869,281.7307479153502,0.10186751277398162,58036.53407056214,58036.53407056214
2026-04-17,long,HK.09926,319.72626218252066,0.0847402013648145,48278.665589560616,48278.665589560616
2026-04-17,long,HK.09995,434.0213975315799,0.09134074678540637,52039.16556403643,52039.16556403643
2026-04-20,long,HK.00992,4731.252831347721,0.09389003403054563,53037.34423940796,53037.34423940796
2026-04-20,long,HK.01888,1881.9221362483922,0.09441461439666209,53333.673341279435,53333.673341279435
2026-04-20,long,HK.02618,3086.312535823602,0.08430310217561615,47621.80242775818,47621.80242775818
2026-04-20,long,HK.03317,294.1165411004884,0.16796606195144023,94881.99615901757,94881.99615901757
2026-04-20,long,HK.03750,72.16898604268904,0.08975004175832227,50698.71269498905,50698.71269498905
2026-04-20,long,HK.03931,1470.6845969173273,0.09466319221610138,53474.09194391402,53474.09194391402
2026-04-20,long,HK.06869,281.7307479153502,0.10523360071070594,59445.187810138894,59445.187810138894
2026-04-20,long,HK.09696,918.7996112753767,0.094744598478836,53520.077356790694,53520.077356790694
2026-04-20,long,HK.09863,965.7158514795956,0.09188942962643416,51907.227017028265,51907.227017028265
2026-04-20,long,HK.09926,319.72626218252066,0.08314532465533614,46967.78791461229,46967.78791461229
2026-04-21,long,HK.00992,4731.252831347721,0.09148927558919728,52043.781144824934,52043.781144824934
2026-04-21,long,HK.01888,1881.9221362483922,0.1016967000703092,57850.286468275575,57850.286468275575
2026-04-21,long,HK.02618,3086.312535823602,0.08431255770891802,47961.296806698774,47961.296806698774
2026-04-21,long,HK.03317,294.1165411004884,0.17031166381842838,96881.98863850087,96881.98863850087
2026-04-21,long,HK.03320,8695.98340930266,0.09386170104540531,53393.338133118334,53393.338133118334
2026-04-21,long,HK.03750,72.16898604268904,0.09337481726632517,53116.37372741914,53116.37372741914
2026-04-21,long,HK.03931,1470.6845969173273,0.09359000304458882,53238.782408407256,53238.782408407256
2026-04-21,long,HK.09696,918.7996112753767,0.09481133265472748,53933.537181864616,53933.537181864616
2026-04-21,long,HK.09926,319.72626218252066,0.0824536283320923,46903.842662175775,46903.842662175775
2026-04-21,long,HK.09995,463.0444582078688,0.094098320470008,53527.939368829626,53527.939368829626
