trade_date,signal_date,book,ticker,side,shares,trade_price,trade_value,reason
2026-01-02,2025-12-31,long,HK.00005,BUY,422.5158357268406,118.33875980999998,50000.0,replacement_buy
2026-01-02,2025-12-31,long,HK.00358,BUY,1162.2095928779797,43.021499999999996,50000.0,replacement_buy
2026-01-02,2025-12-31,long,HK.00631,BUY,5838.202394130038,8.56428,50000.0,replacement_buy
2026-01-02,2025-12-31,long,HK.00670,BUY,9341.123830608061,5.352675,50000.0,replacement_buy
2026-01-02,2025-12-31,long,HK.00753,BUY,7068.60148426494,7.073535,50000.0,replacement_buy
2026-01-02,2025-12-31,long,HK.01208,BUY,5704.910102026613,8.76438,50000.0,replacement_buy
2026-01-02,2025-12-31,long,HK.02888,BUY,270.62003674991087,184.76089428,50000.0,replacement_buy
2026-01-02,2025-12-31,long,HK.03393,BUY,2895.4236670772375,17.26863,50000.0,replacement_buy
2026-01-02,2025-12-31,long,HK.03993,BUY,2582.687984173288,19.359675,50000.0,replacement_buy
2026-01-02,2025-12-31,long,HK.06869,BUY,966.4413441248428,51.72585,49990.0,replacement_buy
2026-01-05,2026-01-02,long,HK.00631,SELL,5838.202394130038,8.645675,50475.20048387022,replacement_sell
2026-01-05,2026-01-02,long,HK.00670,SELL,9341.123830608061,5.317340000000001,49669.931389445475,replacement_sell
2026-01-05,2026-01-02,long,HK.00753,SELL,7068.60148426494,7.106445000000001,50232.627674847165,replacement_sell
2026-01-05,2026-01-02,long,HK.02888,SELL,270.62003674991087,188.77412572,51086.06083977869,replacement_sell
2026-01-05,2026-01-02,long,HK.02600,BUY,3929.7256209510692,12.816405,50364.95509698539,replacement_buy
2026-01-05,2026-01-02,long,HK.02656,BUY,858.3083581310008,58.679325,50364.95509698539,replacement_buy
2026-01-05,2026-01-02,long,HK.02899,BUY,1360.5347352536,37.018499999999996,50364.95509698539,replacement_buy
2026-01-05,2026-01-02,long,HK.03899,BUY,5270.763057945937,9.554775,50360.95509698539,replacement_buy
2026-01-06,2026-01-05,long,HK.02656,SELL,858.3083581310008,60.019975,51515.64619731371,replacement_sell
2026-01-06,2026-01-05,long,HK.02899,SELL,1360.5347352536,37.181400000000004,50586.58620535821,replacement_sell
2026-01-06,2026-01-05,long,HK.03393,SELL,2895.4236670772375,17.5912,50933.976812289104,replacement_sell
2026-01-06,2026-01-05,long,HK.06869,SELL,966.4413441248428,51.27435,49553.65173312763,replacement_sell
2026-01-06,2026-01-05,long,HK.00631,BUY,5758.948197917216,8.794394999999998,50646.46523702217,replacement_buy
2026-01-06,2026-01-05,long,HK.01336,BUY,853.6451038733949,59.329649999999994,50646.46523702216,replacement_buy
2026-01-06,2026-01-05,long,HK.02318,BUY,732.0485127938151,69.184575,50646.46523702216,replacement_buy
2026-01-06,2026-01-05,long,HK.02888,BUY,268.2861238708389,188.76289428,50642.465237022145,replacement_buy
2026-01-07,2026-01-06,long,HK.02600,SELL,3929.7256209510692,13.373310000000002,52553.43894392115,replacement_sell
2026-01-07,2026-01-06,long,HK.02601,BUY,1357.2396991148134,38.71935,52551.43894392115,replacement_buy
2026-01-08,2026-01-07,long,HK.00631,SELL,5758.948197917216,8.705645,50135.358584457026,replacement_sell
2026-01-08,2026-01-07,long,HK.02888,SELL,268.2861238708389,185.57572572000004,49787.39213793675,replacement_sell
2026-01-08,2026-01-07,long,HK.01093,BUY,5463.392522687987,9.14457,49960.375361196886,replacement_buy
2026-01-08,2026-01-07,long,HK.02628,BUY,1585.1875764085223,31.515749999999997,49958.375361196886,replacement_buy
2026-01-09,2026-01-08,long,HK.00005,SELL,422.5158357268406,121.81868019000001,51470.321467618574,replacement_sell
2026-01-09,2026-01-08,long,HK.02628,SELL,1585.1875764085223,31.084450000000004,49274.6839594919,replacement_sell
2026-01-09,2026-01-08,long,HK.01364,BUY,1871.610763895199,26.913449999999997,50371.50271355524,replacement_buy
2026-01-09,2026-01-08,long,HK.02600,BUY,3765.469749310479,13.376684999999998,50369.50271355524,replacement_buy
2026-01-12,2026-01-09,long,HK.01364,SELL,1871.610763895199,26.68665,49947.02139230381,replacement_sell
2026-01-12,2026-01-09,long,HK.00631,BUY,5546.673484624777,9.0045,49945.02139230381,replacement_buy
2026-01-13,2026-01-12,long,HK.02318,SELL,732.0485127938151,69.1654,50632.428206789344,replacement_sell
2026-01-13,2026-01-12,long,HK.02601,SELL,1357.2396991148134,38.48075,52227.60155171236,replacement_sell
2026-01-13,2026-01-12,long,HK.02208,BUY,2988.564722246485,17.208599999999997,51429.014879250855,replacement_buy
2026-01-13,2026-01-12,long,HK.02899,BUY,1285.0328555534948,40.019999999999996,51427.014879250855,replacement_buy
2026-01-14,2026-01-13,long,HK.00631,SELL,5546.673484624777,9.155420000000001,50782.125354603384,replacement_sell
2026-01-14,2026-01-13,long,HK.02208,SELL,2988.564722246485,15.782105,47165.84224578986,replacement_sell
2026-01-14,2026-01-13,long,HK.02600,SELL,3765.469749310479,13.743125000000001,51749.321448492585,replacement_sell
2026-01-14,2026-01-13,long,HK.02318,BUY,712.4737109963392,70.035,49898.09634962861,replacement_buy
2026-01-14,2026-01-13,long,HK.02400,BUY,593.0221137900564,84.14204999999998,49898.096349628606,replacement_buy
2026-01-14,2026-01-13,long,HK.02525,BUY,238.84176852966533,208.9044,49895.09634962862,replacement_buy
2026-01-15,2026-01-14,long,HK.01336,SELL,853.6451038733949,61.1694,52216.958816873244,replacement_sell
2026-01-15,2026-01-14,long,HK.02318,SELL,712.4737109963392,68.9655,49136.10571571803,replacement_sell
2026-01-15,2026-01-14,long,HK.02400,SELL,593.0221137900564,84.10792500000001,49877.859469995536,replacement_sell
2026-01-15,2026-01-14,long,HK.00631,BUY,5360.012334350088,9.4047,50409.30800086227,replacement_buy
2026-01-15,2026-01-14,long,HK.03393,BUY,2557.56933720258,19.70985,50409.308000862264,replacement_buy
2026-01-15,2026-01-14,long,HK.09626,BUY,195.27564900054728,258.12899999999996,50406.308000862264,replacement_buy
2026-01-16,2026-01-15,long,HK.01093,SELL,5463.392522687987,9.895050000000001,54060.54218162378,replacement_sell
2026-01-16,2026-01-15,long,HK.01347,BUY,531.0887497217599,101.0505,53666.783703758694,replacement_buy
2026-01-19,2026-01-16,long,HK.01208,SELL,5704.910102026613,9.45527,53941.46534038917,replacement_sell
2026-01-19,2026-01-16,long,HK.03393,SELL,2557.56933720258,20.9895,53682.10160321355,replacement_sell
2026-01-19,2026-01-16,long,HK.03899,SELL,5270.763057945937,10.604695,55894.83464678399,replacement_sell
2026-01-19,2026-01-16,long,HK.01336,BUY,874.3001726851435,61.73085,53971.292815000685,replacement_buy
2026-01-19,2026-01-16,long,HK.02099,BUY,285.9996145341132,188.71106838,53971.292815000685,replacement_buy
2026-01-19,2026-01-16,long,HK.03330,BUY,2365.9789760821645,22.8114,53971.292815000685,replacement_buy
2026-01-20,2026-01-19,long,HK.01336,SELL,874.3001726851435,60.41977500000001,52825.01971609752,replacement_sell
2026-01-20,2026-01-19,long,HK.01347,SELL,531.0887497217599,103.44825,54940.20175340405,replacement_sell
2026-01-20,2026-01-19,long,HK.09626,SELL,195.27564900054728,239.88000000000002,46842.72268225128,replacement_sell
2026-01-20,2026-01-19,long,HK.00522,BUY,535.6501276227134,97.4487,52198.40859166751,replacement_buy
2026-01-20,2026-01-19,long,HK.01093,BUY,5440.283882216089,9.594795,52198.40859166752,replacement_buy
2026-01-20,2026-01-19,long,HK.03393,BUY,2382.160910032086,21.910949999999996,52195.408591667525,replacement_buy
2026-01-21,2026-01-20,long,HK.00522,SELL,535.6501276227134,98.40077500000001,52708.38768692391,replacement_sell
2026-01-21,2026-01-20,long,HK.01093,SELL,5440.283882216089,9.685155,52689.992643264566,replacement_sell
2026-01-21,2026-01-20,long,HK.02099,SELL,285.9996145341132,195.61890162,55946.930458906616,replacement_sell
2026-01-21,2026-01-20,long,HK.01208,BUY,5811.231709878219,9.254624999999999,53780.77026303171,replacement_buy
2026-01-21,2026-01-20,long,HK.01336,BUY,866.9982792963472,62.031,53780.77026303171,replacement_buy
2026-01-21,2026-01-20,long,HK.02259,BUY,290.54537738175077,185.0925,53777.77026303171,replacement_buy
2026-01-22,2026-01-21,long,HK.01336,SELL,866.9982792963472,61.919025000000005,53683.68813070751,replacement_sell
2026-01-22,2026-01-21,long,HK.00522,BUY,502.38633614566794,106.8534,53681.68813070751,replacement_buy
2026-01-23,2026-01-22,long,HK.00358,SELL,1162.2095928779797,44.95751,52250.0493939077,replacement_sell
2026-01-23,2026-01-22,long,HK.01208,SELL,5811.231709878219,9.745125,56631.179416726976,replacement_sell
2026-01-23,2026-01-22,long,HK.03330,SELL,2365.9789760821645,24.5877,58173.98127021544,replacement_sell
2026-01-23,2026-01-22,long,HK.03993,SELL,2582.687984173288,21.74912,56171.19089034294,replacement_sell
2026-01-23,2026-01-22,long,HK.01347,BUY,506.48119108892735,109.35464999999999,55386.073383112765,replacement_buy
2026-01-23,2026-01-22,long,HK.02099,BUY,268.31748514284425,206.41991837999998,55386.073383112765,replacement_buy
2026-01-23,2026-01-22,long,HK.02338,BUY,2228.5987997592497,24.85242,55386.073383112765,replacement_buy
2026-01-23,2026-01-22,long,HK.03939,BUY,4043.710313076681,13.696844999999998,55386.073383112765,replacement_buy
2026-01-26,2026-01-23,long,HK.02899,SELL,1285.0328555534948,41.5792,53430.63810762987,replacement_sell
2026-01-26,2026-01-23,long,HK.03939,SELL,4043.710313076681,13.783104999999999,55734.88383471876,replacement_sell
2026-01-26,2026-01-23,long,HK.01072,BUY,1958.6675788889615,28.29414,55418.81469054532,replacement_buy
2026-01-26,2026-01-23,long,HK.01208,BUY,5128.622234303711,10.8054,55416.81469054532,replacement_buy
2026-01-27,2026-01-26,long,HK.00522,SELL,502.38633614566794,105.1474,52824.61704124301,replacement_sell
2026-01-27,2026-01-26,long,HK.01072,SELL,1958.6675788889615,27.5862,54032.195564746675,replacement_sell
2026-01-27,2026-01-26,long,HK.02338,SELL,2228.5987997592497,26.26686,58538.29266944425,replacement_sell
2026-01-27,2026-01-26,long,HK.02525,SELL,238.84176852966533,198.7006,47458.00271190562,replacement_sell
2026-01-27,2026-01-26,long,HK.03393,SELL,2382.160910032086,23.3883,55714.69401210344,replacement_sell
2026-01-27,2026-01-26,long,HK.00358,BUY,1149.5870993815424,46.72335,53712.56039988859,replacement_buy
2026-01-27,2026-01-26,long,HK.01787,BUY,1130.2256324445902,47.52375,53712.56039988859,replacement_buy
2026-01-27,2026-01-26,long,HK.02899,BUY,1220.129944116319,44.022,53712.56039988859,replacement_buy
2026-01-27,2026-01-26,long,HK.03330,BUY,2164.746675045082,24.8124,53712.5603998886,replacement_buy
2026-01-27,2026-01-26,long,HK.03993,BUY,2331.916595997769,23.031509999999997,53707.56039988857,replacement_buy
2026-01-28,2026-01-27,long,HK.00358,SELL,1149.5870993815424,45.977000000000004,52854.56606826518,replacement_sell
2026-01-28,2026-01-27,long,HK.01787,SELL,1130.2256324445902,48.27585,54562.60309805017,replacement_sell
2026-01-28,2026-01-27,long,HK.03330,SELL,2164.746675045082,25.56721,55346.53283767938,replacement_sell
2026-01-28,2026-01-27,long,HK.02338,BUY,2011.3669921220735,26.97348,54253.567334664906,replacement_buy
2026-01-28,2026-01-27,long,HK.03393,BUY,2206.1209970549676,24.59229,54253.567334664906,replacement_buy
2026-01-28,2026-01-27,long,HK.06869,BUY,723.944667648351,74.93745,54250.56733466492,replacement_buy
2026-01-29,2026-01-28,long,HK.02099,SELL,268.31748514284425,236.99820162,63590.761442055154,replacement_sell
2026-01-29,2026-01-28,long,HK.02338,SELL,2011.3669921220735,26.54672,53395.19635710689,replacement_sell
2026-01-29,2026-01-28,long,HK.03393,SELL,2206.1209970549676,23.50824,51862.021867807474,replacement_sell
2026-01-29,2026-01-28,long,HK.00358,BUY,1103.0104533809535,51.025499999999994,56281.65988898984,replacement_buy
2026-01-29,2026-01-28,long,HK.03330,BUY,2108.453265458344,26.69334,56281.65988898983,replacement_buy
2026-01-29,2026-01-28,long,HK.03858,BUY,618.4775659337987,90.995475,56278.65988898983,replacement_buy
2026-01-30,2026-01-29,long,HK.00631,SELL,5360.012334350088,12.09395,64823.72117101325,replacement_sell
2026-01-30,2026-01-29,long,HK.01208,SELL,5128.622234303711,11.004495,56437.897734284015,replacement_sell
2026-01-30,2026-01-29,long,HK.03330,SELL,2108.453265458344,24.3878,51420.536547345,replacement_sell
2026-01-30,2026-01-29,long,HK.03858,SELL,618.4775659337987,82.7586,51184.33748808887,replacement_sell
2026-01-30,2026-01-29,long,HK.00966,BUY,2190.197901643649,25.55277,55965.62323518278,replacement_buy
2026-01-30,2026-01-29,long,HK.01093,BUY,5113.131115902998,10.945469999999998,55965.623235182786,replacement_buy
2026-01-30,2026-01-29,long,HK.01164,BUY,11187.53088159576,5.0024999999999995,55965.62323518278,replacement_buy
2026-01-30,2026-01-29,long,HK.01787,BUY,1132.2602511534276,49.424699999999994,55961.62323518281,replacement_buy
2026-02-02,2026-01-30,long,HK.01093,SELL,5113.131115902998,9.69515,49572.573138346954,replacement_sell
2026-02-02,2026-01-30,long,HK.01787,SELL,1132.2602511534276,39.46026,44679.28389817955,replacement_sell
2026-02-02,2026-01-30,long,HK.02259,SELL,290.54537738175077,200.69960000000003,58312.34102236643,replacement_sell
2026-02-02,2026-01-30,long,HK.02899,SELL,1220.129944116319,37.70114,46000.28984132152,replacement_sell
2026-02-02,2026-01-30,long,HK.03993,SELL,2331.916595997769,20.9895,48945.763391695175,replacement_sell
2026-02-02,2026-01-30,long,HK.00005,BUY,374.02822976306385,132.34575980999998,49501.05025838193,replacement_buy
2026-02-02,2026-01-30,long,HK.00631,BUY,4129.90919051175,11.98599,49501.05025838193,replacement_buy
2026-02-02,2026-01-30,long,HK.01138,BUY,3503.988109230225,14.127059999999998,49501.05025838193,replacement_buy
2026-02-02,2026-01-30,long,HK.02338,BUY,1882.6602778664674,26.29314,49501.05025838193,replacement_buy
2026-02-02,2026-01-30,long,HK.03393,BUY,2069.929481216795,23.911949999999997,49496.05025838193,replacement_buy
2026-02-03,2026-02-02,long,HK.00358,SELL,1103.0104533809535,44.95751,49588.603487978755,replacement_sell
2026-02-03,2026-02-02,long,HK.01164,SELL,11187.53088159576,4.567715000000001,51101.45262082818,replacement_sell
2026-02-03,2026-02-02,long,HK.01347,SELL,506.48119108892735,106.64665000000001,54014.52231764396,replacement_sell
2026-02-03,2026-02-02,long,HK.03393,SELL,2069.929481216795,23.588200000000004,48825.910588838015,replacement_sell
2026-02-03,2026-02-02,long,HK.00016,BUY,424.43827538594445,119.87990999999998,50881.62225382223,replacement_buy
2026-02-03,2026-02-02,long,HK.02318,BUY,706.3360299547758,72.036,50881.62225382223,replacement_buy
2026-02-03,2026-02-02,long,HK.02628,BUY,1495.7704163748194,34.016999999999996,50881.62225382223,replacement_buy
2026-02-03,2026-02-02,long,HK.09626,BUY,191.89507983299762,265.1325,50877.62225382224,replacement_buy
2026-02-04,2026-02-03,long,HK.00016,SELL,424.43827538594445,121.55919000000002,51594.372960912355,replacement_sell
2026-02-04,2026-02-03,long,HK.09626,SELL,191.89507983299762,249.875,47949.78307327028,replacement_sell
2026-02-04,2026-02-03,long,HK.02259,BUY,222.6777301460788,223.5117,49771.07801709132,replacement_buy
2026-02-04,2026-02-03,long,HK.03939,BUY,3285.61465747254,15.14757,49769.07801709132,replacement_buy
2026-02-05,2026-02-04,long,HK.02259,SELL,222.6777301460788,212.89350000000002,47406.64134285423,replacement_sell
2026-02-05,2026-02-04,long,HK.02318,SELL,706.3360299547758,71.66415,50618.97120108355,replacement_sell
2026-02-05,2026-02-04,long,HK.00016,BUY,399.5050776028467,122.68131,49011.80627196889,replacement_buy
2026-02-05,2026-02-04,long,HK.00386,BUY,9139.051047604722,5.36268,49009.80627196889,replacement_buy
2026-02-06,2026-02-05,long,HK.00386,SELL,9139.051047604722,5.227385000000001,47773.33836048322,replacement_sell
2026-02-06,2026-02-05,long,HK.00631,SELL,4129.90919051175,12.793600000000001,52836.406219731136,replacement_sell
2026-02-06,2026-02-05,long,HK.02628,SELL,1495.7704163748194,33.3833,49933.752540965506,replacement_sell
2026-02-06,2026-02-05,long,HK.00006,BUY,809.6059429052214,61.980975,50180.165707059954,replacement_buy
2026-02-06,2026-02-05,long,HK.00066,BUY,1373.3594787233972,36.53826,50180.165707059954,replacement_buy
2026-02-06,2026-02-05,long,HK.01038,BUY,772.7594709126167,64.93245,50177.16570705994,replacement_buy
2026-02-09,2026-02-06,long,HK.00006,SELL,809.6059429052214,62.16890000000001,50332.310903880425,replacement_sell
2026-02-09,2026-02-06,long,HK.00066,SELL,1373.3594787233972,36.901540000000004,50679.079738490596,replacement_sell
2026-02-09,2026-02-06,long,HK.00631,BUY,3657.93156473832,13.8069,50504.695321185514,replacement_buy
2026-02-09,2026-02-06,long,HK.01797,BUY,1645.2886764305435,30.695339999999998,50502.695321185514,replacement_buy
2026-02-10,2026-02-09,long,HK.01038,SELL,772.7594709126167,64.06795,49509.11514445598,replacement_sell
2026-02-10,2026-02-09,long,HK.02628,BUY,1404.9509925462023,35.23761,49507.11514445598,replacement_buy
2026-02-11,2026-02-10,long,HK.00005,SELL,374.02822976306385,136.11153019,50909.55468730752,replacement_sell
2026-02-11,2026-02-10,long,HK.01797,SELL,1645.2886764305435,29.36531,48314.41202287261,replacement_sell
2026-02-11,2026-02-10,long,HK.00386,BUY,9233.927422711376,5.372685,49610.983355090066,replacement_buy
2026-02-11,2026-02-10,long,HK.02656,BUY,543.6863076695213,91.2456,49608.983355090066,replacement_buy
2026-02-12,2026-02-11,long,HK.00966,SELL,2190.197901643649,25.04747,54858.91623548225,replacement_sell
2026-02-12,2026-02-11,long,HK.02628,SELL,1404.9509925462023,34.44277,48390.403897540564,replacement_sell
2026-02-12,2026-02-11,long,HK.02656,SELL,543.6863076695213,62.968500000000006,34235.11126448825,replacement_sell
2026-02-12,2026-02-11,long,HK.00669,BUY,382.020364289668,119.95994999999999,45827.14379917036,replacement_buy
2026-02-12,2026-02-11,long,HK.02259,BUY,200.36851127878913,228.71429999999998,45827.14379917036,replacement_buy
2026-02-12,2026-02-11,long,HK.02883,BUY,4795.941693987599,9.554775,45824.14379917036,replacement_buy
2026-02-13,2026-02-12,long,HK.00386,SELL,9233.927422711376,5.587205,51591.84546581012,replacement_sell
2026-02-13,2026-02-12,long,HK.00669,SELL,382.020364289668,118.9405,45437.69313879526,replacement_sell
2026-02-13,2026-02-12,long,HK.02259,SELL,200.36851127878913,214.8925,43057.690309977195,replacement_sell
2026-02-13,2026-02-12,long,HK.01888,BUY,2424.488689241225,19.259625,46694.74297152753,replacement_buy
2026-02-13,2026-02-12,long,HK.02689,BUY,4851.4976369951755,9.624809999999998,46694.74297152753,replacement_buy
2026-02-13,2026-02-12,long,HK.03808,BUY,1114.8688190908729,41.88093,46691.74297152751,replacement_buy
2026-02-16,2026-02-13,long,HK.02883,SELL,4795.941693987599,9.5952,46018.01974214981,replacement_sell
2026-02-16,2026-02-13,long,HK.03393,BUY,1709.7778152615076,26.913449999999997,46016.019742149816,replacement_buy
2026-02-20,2026-02-16,long,HK.03808,SELL,1114.8688190908729,41.5792,46355.35360274322,replacement_sell
2026-02-20,2026-02-16,long,HK.00669,BUY,387.7003222467697,119.55975,46353.35360274322,replacement_buy
2026-02-23,2026-02-20,long,HK.03393,SELL,1709.7778152615076,26.986500000000003,46140.91901155468,replacement_sell
2026-02-23,2026-02-20,long,HK.01164,BUY,8902.675884365672,5.182589999999999,46138.91901155468,replacement_buy
2026-02-24,2026-02-23,long,HK.01164,SELL,8902.675884365672,5.0074950000000005,44580.10497758169,replacement_sell
2026-02-24,2026-02-23,long,HK.02689,SELL,4851.4976369951755,9.445275,45823.72934326961,replacement_sell
2026-02-24,2026-02-23,long,HK.02883,BUY,4473.101781824499,10.105049999999999,45200.91716042565,replacement_buy
2026-02-24,2026-02-23,long,HK.03808,BUY,1075.1149213690549,42.04101,45198.91716042565,replacement_buy
2026-02-27,2026-02-26,long,HK.02883,SELL,4473.101781824499,9.975010000000001,44619.2350047172,replacement_sell
2026-02-27,2026-02-26,long,HK.00522,BUY,393.94821144831474,113.25659999999999,44617.2350047172,replacement_buy
2026-03-02,2026-02-27,long,HK.00522,SELL,393.94821144831474,108.74560000000001,42840.13462287386,replacement_sell
2026-03-02,2026-02-27,long,HK.03808,SELL,1075.1149213690549,40.41978,43455.9085964545,replacement_sell
2026-03-02,2026-02-27,long,HK.01171,BUY,2984.4608221608355,14.457225,43147.02160966418,replacement_buy
2026-03-02,2026-02-27,long,HK.02259,BUY,180.43288652604318,239.1195,43145.02160966418,replacement_buy
2026-03-04,2026-03-03,long,HK.02259,SELL,180.43288652604318,216.8915,39134.3594079633,replacement_sell
2026-03-04,2026-03-03,long,HK.02883,BUY,3514.1781676963224,11.135565,39132.3594079633,replacement_buy
2026-03-05,2026-03-04,long,HK.02883,SELL,3514.1781676963224,10.224885,35932.06763420561,replacement_sell
2026-03-05,2026-03-04,long,HK.02259,BUY,161.76626837124508,222.111,35930.06763420561,replacement_buy
2026-03-06,2026-03-05,long,HK.00631,SELL,3657.93156473832,14.492750000000001,53013.48768486129,replacement_sell
2026-03-06,2026-03-05,long,HK.02259,SELL,161.76626837124508,209.895,33953.930899782485,replacement_sell
2026-03-06,2026-03-05,long,HK.00883,BUY,1615.6497696252948,26.913449999999997,43482.70929232189,replacement_buy
2026-03-06,2026-03-05,long,HK.03858,BUY,323.8374053831646,134.26709999999997,43480.70929232189,replacement_buy
2026-03-09,2026-03-06,long,HK.00669,SELL,387.7003222467697,115.94200000000001,44950.75076193498,replacement_sell
2026-03-09,2026-03-06,long,HK.01888,SELL,2424.488689241225,20.50974,49725.63264927833,replacement_sell
2026-03-09,2026-03-06,long,HK.02338,SELL,1882.6602778664674,29.52523,55585.97771587136,replacement_sell
2026-03-09,2026-03-06,long,HK.03939,SELL,3285.61465747254,15.552220000000002,51098.60198823759,replacement_sell
2026-03-09,2026-03-06,long,HK.00316,BUY,318.04098443086025,158.27909999999997,50339.240778830565,replacement_buy
2026-03-09,2026-03-06,long,HK.00857,BUY,4520.582545998391,11.135565,50339.24077883057,replacement_buy
2026-03-09,2026-03-06,long,HK.00916,BUY,6425.808906380854,7.833914999999999,50339.240778830565,replacement_buy
2026-03-09,2026-03-06,long,HK.01072,BUY,1209.3770609606386,41.6208,50335.24077883055,replacement_buy
2026-03-10,2026-03-09,long,HK.00916,SELL,6425.808906380854,7.826085000000001,50288.92669509361,replacement_sell
2026-03-10,2026-03-09,long,HK.01138,SELL,3503.988109230225,16.991500000000002,59538.01395798537,replacement_sell
2026-03-10,2026-03-09,long,HK.02883,BUY,5664.089557547284,9.694844999999999,54912.47032653949,replacement_buy
2026-03-10,2026-03-09,long,HK.03393,BUY,1977.0543520220976,27.77388,54910.47032653949,replacement_buy
2026-03-11,2026-03-10,long,HK.00316,SELL,318.04098443086025,152.02395,48349.846715067884,replacement_sell
2026-03-11,2026-03-10,long,HK.02883,SELL,5664.089557547284,9.645175,54631.13499821613,replacement_sell
2026-03-11,2026-03-10,long,HK.03317,BUY,354.92247570450644,145.0725,51489.490856642005,replacement_buy
2026-03-11,2026-03-10,long,HK.03330,BUY,1688.3779519899501,30.49524,51487.490856642005,replacement_buy
2026-03-12,2026-03-11,long,HK.00016,SELL,399.5050776028467,136.5317,54545.10740374859,replacement_sell
2026-03-12,2026-03-11,long,HK.03330,SELL,1688.3779519899501,29.36531,49579.74195735,replacement_sell
2026-03-12,2026-03-11,long,HK.00316,BUY,334.2029992104096,155.77784999999997,52061.424680549295,replacement_buy
2026-03-12,2026-03-11,long,HK.01138,BUY,2827.9026074217945,18.4092,52059.424680549295,replacement_buy
2026-03-13,2026-03-12,long,HK.01138,SELL,2827.9026074217945,17.761115,50226.70341921835,replacement_sell
2026-03-13,2026-03-12,long,HK.06869,SELL,723.944667648351,155.42225000000002,112517.10912140894,replacement_sell
2026-03-13,2026-03-12,long,HK.01898,BUY,3743.488109935792,15.007499999999999,56180.397809861395,replacement_buy
2026-03-13,2026-03-12,long,HK.03668,BUY,1266.2287999790033,44.368283055,56180.397809861395,replacement_buy
2026-03-16,2026-03-13,long,HK.00316,SELL,334.2029992104096,142.9285,47767.13337264503,replacement_sell
2026-03-16,2026-03-13,long,HK.03317,SELL,354.92247570450644,114.94250000000001,40795.67666366523,replacement_sell
2026-03-16,2026-03-13,long,HK.03393,SELL,1977.0543520220976,27.94602,55250.800462696585,replacement_sell
2026-03-16,2026-03-13,long,HK.00019,BUY,648.2322945961855,83.0415,53830.18209170914,replacement_buy
2026-03-16,2026-03-13,long,HK.00916,BUY,6412.786704586817,8.394195,53830.18209170913,replacement_buy
2026-03-16,2026-03-13,long,HK.06869,BUY,330.89348371146,162.6813,53830.18209170914,replacement_buy
2026-03-17,2026-03-16,long,HK.00916,SELL,6412.786704586817,8.23588,52814.941764572475,replacement_sell
2026-03-17,2026-03-16,long,HK.03858,SELL,323.8374053831646,123.5382,40006.29015370647,replacement_sell
2026-03-17,2026-03-16,long,HK.03750,BUY,78.92895832474669,672.4530584999999,53076.019429694934,replacement_buy
2026-03-17,2026-03-16,long,HK.03986,BUY,120.51225507122616,440.4201,53076.019429694934,replacement_buy
2026-03-18,2026-03-17,long,HK.01072,SELL,1209.3770609606386,37.40129,45232.262176336524,replacement_sell
2026-03-18,2026-03-17,long,HK.03986,SELL,120.51225507122616,415.79200000000003,50108.03156057527,replacement_sell
2026-03-18,2026-03-17,long,HK.06869,SELL,330.89348371146,142.9285,47294.109286653416,replacement_sell
2026-03-18,2026-03-17,long,HK.00148,BUY,1328.8476157059597,38.6193,51319.164725233175,replacement_buy
2026-03-18,2026-03-17,long,HK.01428,BUY,3744.052406295624,13.70685,51319.164725233175,replacement_buy
2026-03-18,2026-03-17,long,HK.03317,BUY,341.956786441667,150.075,51319.164725233175,replacement_buy
2026-03-19,2026-03-18,long,HK.00019,SELL,648.2322945961855,86.45675,56044.05743582876,replacement_sell
2026-03-19,2026-03-18,long,HK.00857,SELL,4520.582545998391,10.53473,47623.11656480563,replacement_sell
2026-03-19,2026-03-18,long,HK.01428,SELL,3744.052406295624,12.833580000000001,48049.596080387404,replacement_sell
2026-03-19,2026-03-18,long,HK.03317,SELL,341.956786441667,139.93,47850.01312678247,replacement_sell
2026-03-19,2026-03-18,long,HK.01138,BUY,2634.742752438453,19.599795,51640.41782552943,replacement_buy
2026-03-19,2026-03-18,long,HK.01308,BUY,1485.7400840607163,34.75737,51640.417825529425,replacement_buy
2026-03-19,2026-03-18,long,HK.03986,BUY,121.44614240063363,425.2125,51640.417825529425,replacement_buy
2026-03-19,2026-03-18,long,HK.06869,BUY,351.11979945761425,147.0735,51640.417825529425,replacement_buy
2026-03-20,2026-03-19,long,HK.00148,SELL,1328.8476157059597,37.461259999999996,49780.30603234103,replacement_sell
2026-03-20,2026-03-19,long,HK.03986,SELL,121.44614240063363,441.779,53652.355343609524,replacement_sell
2026-03-20,2026-03-19,long,HK.00857,BUY,4888.003392179182,10.685339999999998,52229.97816658789,replacement_buy
2026-03-20,2026-03-19,long,HK.03317,BUY,343.4334028156178,152.076,52227.97816658789,replacement_buy
2026-03-23,2026-03-20,long,HK.03317,SELL,343.4334028156178,142.82855,49052.09494572061,replacement_sell
2026-03-23,2026-03-20,long,HK.06869,SELL,351.11979945761425,145.62715,51132.57570358391,replacement_sell
2026-03-23,2026-03-20,long,HK.01088,BUY,1025.5285164597599,48.844409999999996,50091.33532465226,replacement_buy
2026-03-23,2026-03-20,long,HK.06088,BUY,7517.162638598457,6.66333,50089.33532465226,replacement_buy
2026-03-24,2026-03-23,long,HK.01308,SELL,1485.7400840607163,33.20339,49331.60744970074,replacement_sell
2026-03-24,2026-03-23,long,HK.06088,SELL,7517.162638598457,6.666665,50114.405062051985,replacement_sell
2026-03-24,2026-03-23,long,HK.01428,BUY,3825.8012068543376,12.996495,49722.00625587636,replacement_buy
2026-03-24,2026-03-23,long,HK.03317,BUY,351.948715839505,141.27059999999997,49720.00625587636,replacement_buy
2026-03-25,2026-03-24,long,HK.01088,SELL,1025.5285164597599,47.27635,48483.24507913237,replacement_sell
2026-03-25,2026-03-24,long,HK.01428,SELL,3825.8012068543376,13.23338,50628.28117476206,replacement_sell
2026-03-25,2026-03-24,long,HK.01898,SELL,3743.488109935792,13.703145000000001,51297.5603762261,replacement_sell
2026-03-25,2026-03-24,long,HK.03317,SELL,351.948715839505,142.9285,50303.502031866694,replacement_sell
2026-03-25,2026-03-24,long,HK.00666,BUY,3043.208199631786,16.48824,50177.147165496805,replacement_buy
2026-03-25,2026-03-24,long,HK.01308,BUY,1469.8731280753764,34.13706,50177.147165496805,replacement_buy
2026-03-25,2026-03-24,long,HK.06088,BUY,6704.8223435737755,7.48374,50177.147165496805,replacement_buy
2026-03-25,2026-03-24,long,HK.06869,BUY,281.7307479153502,178.089,50173.147165496805,replacement_buy
2026-03-26,2026-03-25,long,HK.00883,SELL,1615.6497696252948,28.745620000000002,46442.85433073627,replacement_sell
2026-03-26,2026-03-25,long,HK.01171,SELL,2984.4608221608355,15.992,47727.49746799609,replacement_sell
2026-03-26,2026-03-25,long,HK.00175,BUY,2226.1421748617736,21.15057,47084.17589936618,replacement_buy
2026-03-26,2026-03-25,long,HK.03317,BUY,294.1165411004884,160.07999999999998,47082.17589936618,replacement_buy
2026-03-27,2026-03-26,long,HK.00175,SELL,2226.1421748617736,20.60969,45880.100119826944,replacement_sell
2026-03-27,2026-03-26,long,HK.03668,SELL,1266.2287999790033,44.9775,56951.80585105562,replacement_sell
2026-03-27,2026-03-26,long,HK.03750,SELL,78.92895832474669,615.3091915,48565.71353273708,replacement_sell
2026-03-27,2026-03-26,long,HK.00883,BUY,1695.6492791611904,29.014499999999998,49198.416010222354,replacement_buy
2026-03-27,2026-03-26,long,HK.01171,BUY,3054.275099110218,16.108050000000002,49198.416010222354,replacement_buy
2026-03-27,2026-03-26,long,HK.01898,BUY,3482.565799976949,14.127059999999998,49198.416010222354,replacement_buy
2026-03-30,2026-03-27,long,HK.00666,SELL,3043.208199631786,15.61219,47511.14462220937,replacement_sell
2026-03-30,2026-03-27,long,HK.01138,SELL,2634.742752438453,18.980505,50008.74798637182,replacement_sell
2026-03-30,2026-03-27,long,HK.01308,SELL,1469.8731280753764,34.082950000000004,50097.61233053666,replacement_sell
2026-03-30,2026-03-27,long,HK.06088,SELL,6704.8223435737755,7.2263850000000005,48451.62761126638,replacement_sell
2026-03-30,2026-03-27,long,HK.00175,BUY,2424.2915438316863,20.6103,49965.3760058342,replacement_buy
2026-03-30,2026-03-27,long,HK.01088,BUY,1054.930414088144,47.36367,49965.37600583421,replacement_buy
2026-03-30,2026-03-27,long,HK.03668,BUY,1040.8588120661263,48.003989999999995,49965.3760058342,replacement_buy
2026-03-30,2026-03-27,long,HK.03750,BUY,80.01129243704825,624.4290584999999,49961.3760058342,replacement_buy
2026-03-31,2026-03-30,long,HK.01088,SELL,1054.930414088144,47.976,50611.341546292795,replacement_sell
2026-03-31,2026-03-30,long,HK.00666,BUY,3114.781374478574,16.248119999999997,50609.341546292795,replacement_buy
2026-04-01,2026-03-31,long,HK.00883,SELL,1695.6492791611904,27.306340000000002,46301.97573753038,replacement_sell
2026-04-01,2026-03-31,long,HK.01171,SELL,3054.275099110218,14.562715,44478.53779993886,replacement_sell
2026-04-01,2026-03-31,long,HK.01898,SELL,3482.565799976949,13.083455,45563.99292853742,replacement_sell
2026-04-01,2026-03-31,long,HK.03668,SELL,1040.8588120661263,43.978,45774.888837044105,replacement_sell
2026-04-01,2026-03-31,long,HK.03750,SELL,80.01129243704825,628.3026915,50271.31038859102,replacement_sell
2026-04-01,2026-03-31,long,HK.03618,BUY,6732.451330614164,6.90345,46477.141138328356,replacement_buy
2026-04-01,2026-03-31,long,HK.03931,BUY,1424.9666926760042,32.6163,46477.141138328356,replacement_buy
2026-04-01,2026-03-31,long,HK.06088,BUY,6363.549887840786,7.303649999999999,46477.141138328356,replacement_buy
2026-04-01,2026-03-31,long,HK.09863,BUY,967.7898787757862,48.024,46477.141138328356,replacement_buy
2026-04-01,2026-03-31,long,HK.09926,BUY,343.5570760354169,135.2676,46472.141138328356,replacement_buy
2026-04-02,2026-04-01,long,HK.00666,SELL,3114.781374478574,16.161915000000004,50340.83181790589,replacement_sell
2026-04-02,2026-04-01,long,HK.00857,SELL,4888.003392179182,10.444775,51054.09563054831,replacement_sell
2026-04-02,2026-04-01,long,HK.01308,BUY,1424.146378868663,35.597789999999996,50696.4637242271,replacement_buy
2026-04-02,2026-04-01,long,HK.03988,BUY,10133.825831929456,5.0024999999999995,50694.4637242271,replacement_buy
2026-04-08,2026-04-02,long,HK.01308,SELL,1424.146378868663,35.7821,50958.94814331639,replacement_sell
2026-04-08,2026-04-02,long,HK.06088,SELL,6363.549887840786,7.266365,46239.87618076021,replacement_sell
2026-04-08,2026-04-02,long,HK.00939,BUY,5748.417171537108,8.454225,48598.4121620383,replacement_buy
2026-04-08,2026-04-02,long,HK.01398,BUY,6948.802017022719,6.993495,48596.4121620383,replacement_buy
2026-04-09,2026-04-08,long,HK.00939,SELL,5748.417171537108,8.505745000000001,48894.5706147159,replacement_sell
2026-04-09,2026-04-08,long,HK.01398,SELL,6948.802017022719,6.816590000000001,47367.1343412169,replacement_sell
2026-04-09,2026-04-08,long,HK.03931,SELL,1424.9666926760042,33.663160000000005,47968.88177022316,replacement_sell
2026-04-09,2026-04-08,long,HK.03988,SELL,10133.825831929456,5.0074950000000005,50745.0821842576,replacement_sell
2026-04-09,2026-04-08,long,HK.01888,BUY,2190.5826415750485,22.251119999999997,48742.917227603386,replacement_buy
2026-04-09,2026-04-08,long,HK.02618,BUY,3380.8853538257513,14.417205,48742.917227603386,replacement_buy
2026-04-09,2026-04-08,long,HK.06088,BUY,6128.120496682902,7.953975,48742.917227603386,replacement_buy
2026-04-09,2026-04-08,long,HK.09969,BUY,3126.736838743876,15.58779,48738.9172276034,replacement_buy
2026-04-10,2026-04-09,long,HK.01888,SELL,2190.5826415750485,22.86856,50095.47057381749,replacement_sell
2026-04-10,2026-04-09,long,HK.06088,SELL,6128.120496682902,8.345825,51144.221244228575,replacement_sell
2026-04-10,2026-04-09,long,HK.03320,BUY,8056.297632875128,6.2831399999999995,50618.84590902303,replacement_buy
2026-04-10,2026-04-09,long,HK.03931,BUY,1470.6845969173273,34.417199999999994,50616.84590902303,replacement_buy
2026-04-13,2026-04-10,long,HK.02618,SELL,3380.8853538257513,14.312840000000001,48390.07112765137,replacement_sell
2026-04-13,2026-04-10,long,HK.03320,SELL,8056.297632875128,6.246875,50326.68427536682,replacement_sell
2026-04-13,2026-04-10,long,HK.03618,SELL,6732.451330614164,7.026485000000001,47305.46828779047,replacement_sell
2026-04-13,2026-04-10,long,HK.09969,SELL,3126.736838743876,14.992500000000001,46877.602054867566,replacement_sell
2026-04-13,2026-04-10,long,HK.00666,BUY,2835.2856769508808,17.008499999999998,48223.95643641905,replacement_buy
2026-04-13,2026-04-10,long,HK.01308,BUY,1347.1172864216032,35.79789,48223.95643641905,replacement_buy
2026-04-13,2026-04-10,long,HK.01772,BUY,607.8166016162039,79.33964999999999,48223.956436419045,replacement_buy
2026-04-13,2026-04-10,long,HK.03750,BUY,70.72026193274468,681.84075,48219.956436419074,replacement_buy
2026-04-14,2026-04-13,long,HK.00666,SELL,2835.2856769508808,16.641675,47183.902767971544,replacement_sell
2026-04-14,2026-04-13,long,HK.01308,SELL,1347.1172864216032,35.70214,48094.969956244175,replacement_sell
2026-04-14,2026-04-13,long,HK.01211,BUY,431.6829469409254,110.35515,47638.43636210786,replacement_buy
2026-04-14,2026-04-13,long,HK.01888,BUY,1881.9221362483922,25.312649999999998,47636.43636210786,replacement_buy
2026-04-15,2026-04-14,long,HK.01211,SELL,431.6829469409254,110.5447,47720.261864700515,replacement_sell
2026-04-15,2026-04-14,long,HK.09926,SELL,343.5570760354169,139.73010000000002,48005.264590136416,replacement_sell
2026-04-15,2026-04-14,long,HK.02618,BUY,3086.312535823602,15.50775,47861.763227418465,replacement_buy
2026-04-15,2026-04-14,long,HK.09696,BUY,839.2253562239664,57.028499999999994,47859.763227418465,replacement_buy
2026-04-16,2026-04-15,long,HK.03750,SELL,70.72026193274468,684.1577500000001,48383.81528331726,replacement_sell
2026-04-16,2026-04-15,long,HK.09696,SELL,839.2253562239664,54.722625,45924.61445913553,replacement_sell
2026-04-16,2026-04-15,long,HK.03320,BUY,7421.992133260362,6.353174999999999,47153.214871226395,replacement_buy
2026-04-16,2026-04-15,long,HK.09926,BUY,319.72626218252066,147.4737,47151.2148712264,replacement_buy
2026-04-17,2026-04-16,long,HK.01772,SELL,607.8166016162039,84.95750000000001,51638.57893180865,replacement_sell
2026-04-17,2026-04-16,long,HK.03320,SELL,7421.992133260362,6.4867550000000005,48144.64458038732,replacement_sell
2026-04-17,2026-04-16,long,HK.09863,SELL,967.7898787757862,56.821575,54991.34518109925,replacement_sell
2026-04-17,2026-04-16,long,HK.03750,BUY,72.16898604268904,714.8572499999999,51590.52289776506,replacement_buy
2026-04-17,2026-04-16,long,HK.03986,BUY,113.42881770237862,454.8273,51590.52289776507,replacement_buy
2026-04-17,2026-04-16,long,HK.09995,BUY,434.0213975315799,118.8594,51587.52289776507,replacement_buy
2026-04-20,2026-04-17,long,HK.00175,SELL,2424.2915438316863,24.7876,60092.36907188231,replacement_sell
2026-04-20,2026-04-17,long,HK.03986,SELL,113.42881770237862,432.9834,49112.795146756085,replacement_sell
2026-04-20,2026-04-17,long,HK.09995,SELL,434.0213975315799,120.73960000000001,52403.56992940395,replacement_sell
2026-04-20,2026-04-17,long,HK.00992,BUY,4731.252831347721,11.38569,53868.57804934744,replacement_buy
2026-04-20,2026-04-17,long,HK.09696,BUY,918.7996112753767,58.6293,53868.578049347445,replacement_buy
2026-04-20,2026-04-17,long,HK.09863,BUY,965.7158514795956,55.777874999999995,53865.578049347445,replacement_buy
2026-04-21,2026-04-20,long,HK.06869,SELL,281.7307479153502,211.894,59697.05509877522,replacement_sell
2026-04-21,2026-04-20,long,HK.09863,SELL,965.7158514795956,53.323325000000004,51495.18020609821,replacement_sell
2026-04-21,2026-04-20,long,HK.03320,BUY,8695.98340930266,6.3931949999999995,55595.11765243672,replacement_buy
2026-04-21,2026-04-20,long,HK.09995,BUY,463.0444582078688,120.05999999999999,55593.11765243672,replacement_buy
