ticker,buy_count,total_buy_value,first_signal_date,last_signal_date,first_trade_date,last_trade_date,name,industry_labels,latest_adj_close
HK.00992,11,795950.8646982124,2026-04-24,2026-09-09,2026-04-27,2026-09-10,联想集团,,34.32
HK.06869,10,582253.8298054786,2025-12-31,2026-09-15,2026-01-02,2026-09-16,长飞光纤光缆,,184.4
HK.03330,9,627270.6966283831,2026-01-16,2026-09-15,2026-01-19,2026-09-16,灵宝黄金,,23.96
HK.02689,9,556252.5163236065,2026-01-08,2026-08-05,2026-01-09,2026-08-06,玖龙纸业,,6.185
HK.02513,9,538511.1658181564,2026-03-10,2026-06-15,2026-03-11,2026-06-16,智谱,,740.0
HK.02315,9,531009.866793168,2025-12-31,2026-08-07,2026-01-02,2026-08-10,百奥赛图-B,,61.1
HK.01347,8,524002.41785722156,2026-01-22,2026-07-09,2026-01-23,2026-07-10,华虹半导体,,110.2
HK.00522,8,521962.99905359617,2026-04-21,2026-07-03,2026-04-22,2026-07-06,ASMPT,,160.0
HK.06166,8,507602.2656785586,2026-04-17,2026-09-11,2026-04-20,2026-09-14,剑桥科技,,124.6
HK.03986,8,493914.0610876151,2026-03-16,2026-06-17,2026-03-17,2026-06-18,兆易创新,,466.6
HK.02269,7,527632.6037322859,2026-07-06,2026-09-03,2026-07-07,2026-09-04,药明生物,,50.1
HK.02099,7,452014.1294346589,2026-01-16,2026-09-16,2026-01-19,2026-09-17,中国黄金国际,,246.8
HK.03750,7,394133.62446748413,2026-03-16,2026-04-23,2026-03-17,2026-04-24,宁德时代,,507.0
HK.06088,7,390590.32942381036,2026-03-18,2026-05-05,2026-03-19,2026-05-06,FIT HON TENG,,5.205
HK.03347,6,418728.9330869544,2026-01-30,2026-09-15,2026-02-02,2026-09-16,泰格医药,,45.64
HK.01070,6,414020.02511435683,2026-05-15,2026-08-03,2026-05-18,2026-08-04,TCL电子,,16.93
HK.03939,6,392181.72649207385,2026-01-14,2026-09-16,2026-01-15,2026-09-17,万国黄金集团,,15.18
HK.02259,6,381341.16648722044,2026-01-27,2026-09-16,2026-01-28,2026-09-17,紫金黄金国际,,155.0
HK.03200,6,378816.1712622919,2026-05-14,2026-06-30,2026-05-15,2026-07-02,大族数控,,107.1
HK.01072,6,337724.5852019272,2025-12-31,2026-04-23,2026-01-02,2026-04-24,东方电气,,18.89
HK.01428,6,331331.1859666454,2026-03-17,2026-04-29,2026-03-18,2026-04-30,耀才证券金融,,6.935
HK.03393,6,317455.718357911,2025-12-31,2026-03-09,2026-01-02,2026-03-10,威胜控股,,13.81
HK.02319,5,361760.75978103525,2026-07-08,2026-08-04,2026-07-09,2026-08-05,蒙牛乳业,,18.09
HK.06821,5,354616.40467246826,2026-04-28,2026-09-15,2026-04-29,2026-09-16,凯莱英,,162.2
HK.00981,5,350079.58038711967,2026-06-02,2026-07-02,2026-06-03,2026-07-03,中芯国际,,62.4
HK.09969,5,346222.09505186917,2026-04-08,2026-08-12,2026-04-09,2026-08-13,诺诚健华,,15.09
HK.01208,5,324565.0053504639,2025-12-31,2026-09-10,2026-01-02,2026-09-11,五矿资源,,8.57
HK.06693,5,323171.16789779346,2026-01-29,2026-09-04,2026-01-30,2026-09-07,赤峰黄金,,37.48
HK.02656,5,267138.1348238064,2026-01-02,2026-03-31,2026-01-05,2026-04-01,健康160,,7.55
HK.01308,4,295361.0314423269,2026-07-17,2026-08-19,2026-07-20,2026-08-20,海丰国际,,47.92
HK.03888,4,294460.1080536909,2026-07-16,2026-07-31,2026-07-17,2026-08-03,金山软件,,24.04
HK.02268,4,284207.08696307143,2026-07-09,2026-09-16,2026-07-10,2026-09-17,药明合联,,76.5
HK.00148,4,258894.73050581114,2026-03-17,2026-05-26,2026-03-18,2026-05-27,建滔集团,,54.65
HK.01138,4,245946.7431881604,2026-02-02,2026-09-04,2026-02-03,2026-09-07,中远海能,,19.29
HK.02618,4,241685.81708304377,2026-04-17,2026-08-03,2026-04-20,2026-08-04,京东物流,,10.4
HK.03317,4,217886.89656618287,2026-03-02,2026-03-25,2026-03-03,2026-03-26,迅策,,98.85
HK.02338,4,195429.16805232284,2026-02-02,2026-05-04,2026-02-03,2026-05-05,潍柴动力,,31.14
HK.03858,4,177057.4637904686,2025-12-31,2026-02-27,2026-01-02,2026-03-02,佳鑫国际资源,,52.5
HK.02276,3,228822.36551242476,2026-09-02,2026-09-11,2026-09-03,2026-09-14,康耐特光学,,40.1
HK.00023,3,226557.0579815344,2026-07-28,2026-09-09,2026-07-29,2026-09-10,东亚银行,,19.25
HK.06160,3,225173.56938434512,2026-07-24,2026-08-11,2026-07-27,2026-08-12,百济神州,,211.0
HK.01258,3,225061.53860846546,2026-08-26,2026-09-09,2026-08-27,2026-09-10,中国有色矿业,,15.47
HK.02359,3,224086.5098805583,2026-07-02,2026-08-04,2026-07-03,2026-08-05,药明康德,,198.0
HK.00293,3,224032.08887010213,2026-07-02,2026-07-24,2026-07-03,2026-07-27,国泰航空,,13.98
HK.02888,3,223797.5896140593,2026-07-03,2026-07-10,2026-07-06,2026-07-13,渣打集团,,243.4
HK.03690,3,223503.63557672157,2026-07-16,2026-07-31,2026-07-17,2026-08-03,美团-W,,72.9
HK.01787,3,222527.5906229607,2026-08-21,2026-09-03,2026-08-24,2026-09-04,山东黄金,,23.3
HK.00763,3,220801.27172728456,2026-06-05,2026-07-16,2026-06-08,2026-07-17,中兴通讯,,22.44
HK.01801,3,219022.08716313794,2026-07-13,2026-07-20,2026-07-14,2026-07-21,信达生物,,96.15
HK.01548,3,218381.99202030763,2026-07-21,2026-08-04,2026-07-22,2026-08-05,金斯瑞生物科技,,37.22
HK.00300,3,214907.42382996186,2026-07-07,2026-07-22,2026-07-08,2026-07-23,美的集团,,99.2
HK.06809,3,210255.57837697578,2026-04-27,2026-06-18,2026-04-28,2026-06-22,澜起科技,,267.6
HK.00631,3,203225.0164177486,2026-01-19,2026-09-14,2026-01-20,2026-09-15,三一国际,,8.62
HK.02631,3,191768.57467423618,2026-05-11,2026-06-22,2026-05-12,2026-06-23,天岳先进,,64.5
HK.00100,3,189689.36242300185,2026-03-11,2026-09-04,2026-03-12,2026-09-07,MINIMAX-W,,254.8
HK.09995,3,165759.66641219007,2026-04-02,2026-04-20,2026-04-08,2026-04-21,荣昌生物,,74.1
HK.01171,3,164686.79735032993,2026-03-06,2026-03-26,2026-03-09,2026-03-27,兖矿能源,,12.35
HK.00290,3,164338.89985840739,2026-04-01,2026-04-28,2026-04-02,2026-04-29,国富量子,,1.62
HK.02635,3,164308.69037424363,2026-03-06,2026-04-17,2026-03-09,2026-04-20,诺比侃,,10.35
HK.01888,3,163703.56089660988,2026-02-11,2026-06-08,2026-02-12,2026-06-09,建滔积层板,,46.62
HK.03320,3,160844.46241264098,2026-03-31,2026-04-20,2026-04-01,2026-04-21,华润医药,,4.275
HK.09926,3,160192.48523497238,2026-04-02,2026-04-17,2026-04-08,2026-04-20,康方生物,,90.75
HK.00017,3,158109.3083235089,2026-01-19,2026-02-10,2026-01-20,2026-02-11,新世界发展,,5.815
HK.01164,3,150669.8820902703,2026-01-28,2026-02-20,2026-01-29,2026-02-23,中广核矿业,,2.095
HK.01797,3,149805.4382342556,2026-02-02,2026-02-11,2026-02-03,2026-02-12,东方甄选,,25.04
HK.03759,2,150294.54363059398,2026-07-08,2026-08-07,2026-07-09,2026-08-10,康龙化成,,29.38
HK.00019,2,149898.1548423597,2026-07-24,2026-09-02,2026-07-27,2026-09-03,太古股份公司A,,99.7
HK.00005,2,149111.4620353874,2026-07-07,2026-07-31,2026-07-08,2026-08-03,汇丰控股,,159.8
HK.01997,2,148920.36491009712,2026-08-03,2026-08-06,2026-08-04,2026-08-07,九龙仓置业,,30.26
HK.00669,2,148678.2296465583,2026-07-02,2026-08-05,2026-07-03,2026-08-06,创科实业,,128.5
HK.00700,2,148640.55425430078,2026-07-08,2026-07-16,2026-07-09,2026-07-17,腾讯控股,,426.0
HK.06990,2,147090.65262210707,2026-07-06,2026-07-20,2026-07-07,2026-07-21,科伦博泰生物-B,,461.4
HK.00220,2,146620.4460430871,2026-07-07,2026-07-10,2026-07-08,2026-07-13,统一企业中国,,6.995
HK.02367,2,146364.41336573072,2026-07-16,2026-07-22,2026-07-17,2026-07-23,巨子生物,,24.46
HK.01519,2,144729.55982451714,2026-07-22,2026-08-04,2026-07-23,2026-08-05,极兔速递-W,,9.045
HK.00867,2,144187.3537435031,2026-07-13,2026-07-20,2026-07-14,2026-07-21,康哲药业,,11.05
HK.09999,2,142961.91107339208,2026-06-11,2026-07-02,2026-06-12,2026-07-03,网易-S,,185.1
HK.00902,2,142335.91155019758,2026-06-08,2026-06-10,2026-06-09,2026-06-11,华能国际电力股份,,5.64
HK.00921,2,142335.91155019755,2026-06-08,2026-06-10,2026-06-09,2026-06-11,海信家电,,21.9
HK.06099,2,141071.2118954444,2026-06-12,2026-07-02,2026-06-15,2026-07-03,招商证券,,14.42
HK.02018,2,140095.6568926209,2026-06-05,2026-06-16,2026-06-08,2026-06-17,瑞声科技,,40.4
HK.01989,2,137035.3685902554,2026-05-22,2026-06-09,2026-05-26,2026-06-10,广合科技,,116.8
HK.00688,2,135580.84035046352,2026-06-05,2026-06-09,2026-06-08,2026-06-10,中国海外发展,,11.96
HK.01109,2,135580.84035046352,2026-06-05,2026-06-09,2026-06-08,2026-06-10,华润置地,,28.5
HK.06613,2,134754.62982341112,2026-06-04,2026-06-16,2026-06-05,2026-06-17,蓝思科技,,21.18
HK.09678,2,133609.14322050137,2026-03-25,2026-09-07,2026-03-26,2026-09-08,云知声,,66.9
HK.00966,2,131421.5591138862,2026-01-30,2026-07-24,2026-02-02,2026-07-27,中国太平,,20.66
HK.02382,2,125110.34761949755,2026-06-01,2026-06-05,2026-06-02,2026-06-08,舜宇光学科技,,67.5
HK.02661,2,118428.54267144926,2026-03-12,2026-03-20,2026-03-13,2026-03-23,轻松健康,,4.245
HK.01860,2,114742.11407013139,2026-04-29,2026-05-05,2026-04-30,2026-05-06,汇量科技,,11.25
HK.03668,2,114730.32443893366,2026-03-06,2026-03-12,2026-03-09,2026-03-13,兖煤澳大利亚,,33.5
HK.09696,2,114354.81568600085,2026-04-24,2026-04-30,2026-04-27,2026-05-04,天齐锂业,,30.7
HK.01877,2,113268.58372057785,2026-04-21,2026-04-28,2026-04-22,2026-04-29,君实生物,,17.19
HK.01729,2,112304.13461542057,2026-04-22,2026-05-11,2026-04-23,2026-05-12,汇聚科技,,17.45
HK.01772,2,110365.00121800773,2026-04-10,2026-05-04,2026-04-13,2026-05-05,赣锋锂业,,33.34
HK.09866,2,109753.28866712749,2026-03-17,2026-04-08,2026-03-18,2026-04-09,蔚来-SW,,28.0
HK.02883,2,109700.39893968779,2026-03-03,2026-03-09,2026-03-04,2026-03-10,中海油田服务,,7.6
HK.03993,2,108075.9910255401,2026-01-02,2026-01-15,2026-01-05,2026-01-16,洛阳钼业,,15.52
HK.03899,2,106405.2991103232,2025-12-31,2026-02-04,2026-01-02,2026-02-05,中集安瑞科,,7.6
HK.02610,2,106029.25458728452,2026-01-07,2026-02-03,2026-01-08,2026-02-04,南山铝业国际,,25.1
HK.03931,2,105626.91690553259,2026-03-31,2026-04-09,2026-04-01,2026-04-10,中创新航,,17.36
HK.00358,2,104726.30966248426,2025-12-31,2026-01-29,2026-01-02,2026-01-30,江西铜业股份,,33.36
HK.02039,2,101421.71099694958,2025-12-31,2026-03-06,2026-01-02,2026-03-09,中集集团,,7.51
HK.00670,2,99701.13371901063,2025-12-31,2026-01-06,2026-01-02,2026-01-07,中国东方航空股份,,2.535
HK.01385,2,99600.12536646653,2026-01-05,2026-01-08,2026-01-06,2026-01-09,上海复旦,,25.5
HK.01818,1,86215.47348500135,2026-08-24,2026-08-24,2026-08-25,2026-08-25,招金矿业,,20.46
HK.00322,1,79081.10980828502,2026-08-19,2026-08-19,2026-08-20,2026-08-20,康师傅控股,,11.83
HK.02602,1,77199.37282575549,2026-06-10,2026-06-10,2026-06-11,2026-06-11,万物云,,18.98
HK.03696,1,76383.19099069176,2026-08-11,2026-08-11,2026-08-12,2026-08-12,英矽智能,,53.75
HK.02611,1,76368.54649392472,2026-07-02,2026-07-02,2026-07-03,2026-07-03,国泰海通,,15.02
HK.01398,1,75611.93328352555,2026-07-30,2026-07-30,2026-07-31,2026-07-31,工商银行,,7.52
HK.06979,1,75572.60197487054,2026-07-30,2026-07-30,2026-07-31,2026-07-31,珍酒李渡,,7.54
HK.02328,1,75078.1057007424,2026-07-29,2026-07-29,2026-07-30,2026-07-30,中国财险,,16.84
HK.09987,1,74925.61169770396,2026-08-03,2026-08-03,2026-08-04,2026-08-04,百胜中国,,327.6
HK.01919,1,74869.32798998094,2026-07-16,2026-07-16,2026-07-17,2026-07-17,中远海控,,16.79
HK.01929,1,73640.97055435868,2026-07-27,2026-07-27,2026-07-28,2026-07-28,周大福,,11.03
HK.06969,1,73637.76557803416,2026-08-26,2026-08-26,2026-08-27,2026-08-27,思摩尔国际,,9.78
HK.02096,1,72775.24606933346,2026-07-09,2026-07-09,2026-07-10,2026-07-10,先声药业,,11.27
HK.00268,1,72562.83992008651,2026-08-28,2026-08-28,2026-08-31,2026-08-31,金蝶国际,,7.265
HK.01513,1,72473.14408920384,2026-07-13,2026-07-13,2026-07-14,2026-07-14,丽珠医药,,20.64
HK.03323,1,72429.5813517886,2026-06-17,2026-06-17,2026-06-18,2026-06-18,中国建材,,3.35
HK.00656,1,71843.99667424822,2026-08-31,2026-08-31,2026-09-01,2026-09-01,复星国际,,5.0
HK.01093,1,71714.20965429927,2026-07-20,2026-07-20,2026-07-21,2026-07-21,石药集团,,8.85
HK.00998,1,70626.27122848574,2026-09-15,2026-09-15,2026-09-16,2026-09-16,中信银行,,8.415
HK.00317,1,69593.54855759599,2026-09-10,2026-09-10,2026-09-11,2026-09-11,中船防务,,14.48
HK.00316,1,69042.86789370773,2026-07-17,2026-07-17,2026-07-20,2026-07-20,东方海外国际,,145.2
HK.06651,1,67076.46249182428,2026-05-21,2026-05-21,2026-05-22,2026-05-22,五一视界,,54.1
HK.01908,1,64702.665401519684,2026-06-12,2026-06-12,2026-06-15,2026-06-15,建发国际集团,,11.82
HK.00470,1,62797.76463632697,2026-04-23,2026-04-23,2026-04-24,2026-04-24,先导智能,,27.4
HK.00995,1,60816.48493967773,2026-04-24,2026-04-24,2026-04-27,2026-04-27,安徽皖通高速公路,,15.87
HK.03698,1,60086.59646729563,2026-04-27,2026-04-27,2026-04-28,2026-04-28,徽商银行,,4.77
HK.00016,1,59246.1024510108,2026-03-05,2026-03-05,2026-03-06,2026-03-06,新鸿基地产,,108.2
HK.00883,1,57127.270713825106,2026-03-19,2026-03-19,2026-03-20,2026-03-20,中国海洋石油,,23.88
HK.09863,1,55450.504505780205,2026-04-09,2026-04-09,2026-04-10,2026-04-10,零跑汽车,,34.94
HK.00857,1,55119.92922946518,2026-03-20,2026-03-20,2026-03-23,2026-03-23,中国石油股份,,9.56
HK.00666,1,53248.08868299681,2026-03-30,2026-03-30,2026-03-31,2026-03-31,瑞浦兰钧,,9.1
HK.02788,1,51946.12977184428,2026-01-22,2026-01-22,2026-01-23,2026-01-23,创新实业,,16.43
HK.01196,1,51786.878363072705,2026-02-06,2026-02-06,2026-02-09,2026-02-09,伟禄集团,,3.06
HK.03808,1,51379.82635126644,2026-02-26,2026-02-26,2026-02-27,2026-02-27,中国重汽,,37.94
HK.00175,1,50176.412399752386,2026-03-31,2026-03-31,2026-04-01,2026-04-01,吉利汽车,,16.0
HK.01336,1,49701.13371901062,2026-01-06,2026-01-06,2026-01-07,2026-01-07,新华保险,,46.64
HK.02318,1,49542.21722430557,2026-01-06,2026-01-06,2026-01-07,2026-01-07,中国平安,,52.85
HK.02600,1,49446.651703543925,2026-01-05,2026-01-05,2026-01-06,2026-01-06,中国铝业,,8.01
HK.02208,1,49310.181922549964,2026-01-09,2026-01-09,2026-01-12,2026-01-12,金风科技,,8.855
HK.02659,1,48990.41591067307,2026-02-09,2026-02-09,2026-02-10,2026-02-10,宝济药业-B,,13.15
HK.02525,1,47452.962782763185,2026-01-13,2026-01-13,2026-01-14,2026-01-14,禾赛-W,,16.65
