rank_combined,fast_window,mid_window,slow_window,selection_style,final_count,strategy_nav,strategy_return_pct,max_drawdown_pct,target_buy_count,target_holding_days,target_signal_days,target_latest_in_basket,target_pnl_dollar,target_buy_cost,target_sell_proceeds,target_ending_market_value,target_pnl_rank,target_buy_count_rank,target_holding_days_rank,combined_score,latest_basket,notes
1,8,15,40,dual_objective,10,1.321402942761546,32.14029427615459,-17.51364312061172,5,52,58,False,71864.49013794778,275658.35472328996,347522.84486123774,0.0,7,85,1,1829.7342156553918,HK.03317|HK.06166|HK.01888|HK.00522|HK.09995|HK.03750|HK.09926|HK.02618|HK.03931|HK.01877,
2,8,15,40,dual_objective,15,1.321402942761546,32.14029427615459,-17.51364312061172,5,52,58,False,71864.49013794778,275658.35472328996,347522.84486123774,0.0,7,85,1,1829.7342156553918,HK.03317|HK.06166|HK.01888|HK.00522|HK.09995|HK.03750|HK.09926|HK.02618|HK.03931|HK.01877,
3,8,15,40,dual_objective,20,1.321402942761546,32.14029427615459,-17.51364312061172,5,52,58,False,71864.49013794778,275658.35472328996,347522.84486123774,0.0,7,85,1,1829.7342156553918,HK.03317|HK.06166|HK.01888|HK.00522|HK.09995|HK.03750|HK.09926|HK.02618|HK.03931|HK.01877,
4,8,15,40,waterfall,10,1.3133107394764238,31.331073947642384,-17.708641909336144,5,52,58,False,71437.36376410833,274133.7823933984,345571.14615750674,0.0,10,85,1,1827.9289013759055,HK.03317|HK.06166|HK.01888|HK.00522|HK.09995|HK.03750|HK.09926|HK.02618|HK.03931|HK.01877,
5,8,15,40,waterfall,15,1.3133107394764238,31.331073947642384,-17.708641909336144,5,52,58,False,71437.36376410833,274133.7823933984,345571.14615750674,0.0,10,85,1,1827.9289013759055,HK.03317|HK.06166|HK.01888|HK.00522|HK.09995|HK.03750|HK.09926|HK.02618|HK.03931|HK.01877,
6,8,15,40,waterfall,20,1.3133107394764238,31.331073947642384,-17.708641909336144,5,52,58,False,71437.36376410833,274133.7823933984,345571.14615750674,0.0,10,85,1,1827.9289013759055,HK.03317|HK.06166|HK.01888|HK.00522|HK.09995|HK.03750|HK.09926|HK.02618|HK.03931|HK.01877,
7,6,12,30,dual_objective,10,1.3061930128094206,30.619301280942057,-15.578270062372013,4,49,59,False,79415.61117345066,205428.40443062037,284844.015604071,0.0,4,121,7,1745.8230600460695,HK.01428|HK.06166|HK.01877|HK.02618|HK.09995|HK.03750|HK.03896|HK.09926|HK.02252|HK.07618,
8,6,12,30,dual_objective,15,1.3061930128094206,30.619301280942057,-15.578270062372013,4,49,59,False,79415.61117345066,205428.40443062037,284844.015604071,0.0,4,121,7,1745.8230600460695,HK.01428|HK.06166|HK.01877|HK.02618|HK.09995|HK.03750|HK.03896|HK.09926|HK.02252|HK.07618,
9,6,12,30,dual_objective,20,1.3061930128094206,30.619301280942057,-15.578270062372013,4,49,59,False,79415.61117345066,205428.40443062037,284844.015604071,0.0,4,121,7,1745.8230600460695,HK.01428|HK.06166|HK.01877|HK.02618|HK.09995|HK.03750|HK.03896|HK.09926|HK.02252|HK.07618,
10,3,10,20,dual_objective,10,1.1142249433022762,11.422494330227618,-21.546184576410877,9,29,37,False,13963.9033172559,475216.1113137411,434029.9375345509,55150.07709644607,70,1,55,1643.9874691906516,HK.06166|HK.09696|HK.01888|HK.02252|HK.00522|HK.01729|HK.00470|HK.01877|HK.01548|HK.09678,
11,3,10,20,dual_objective,15,1.1142249433022762,11.422494330227618,-21.546184576410877,9,29,37,False,13963.9033172559,475216.1113137411,434029.9375345509,55150.07709644607,70,1,55,1643.9874691906516,HK.06166|HK.09696|HK.01888|HK.02252|HK.00522|HK.01729|HK.00470|HK.01877|HK.01548|HK.09678,
12,3,10,20,dual_objective,20,1.1142249433022762,11.422494330227618,-21.546184576410877,9,29,37,False,13963.9033172559,475216.1113137411,434029.9375345509,55150.07709644607,70,1,55,1643.9874691906516,HK.06166|HK.09696|HK.01888|HK.02252|HK.00522|HK.01729|HK.00470|HK.01877|HK.01548|HK.09678,
13,3,10,20,waterfall,10,1.106281268945355,10.628126894535495,-21.324271475236845,9,29,37,False,14023.567602938158,477280.6033468962,436139.5701136334,55164.600836200916,67,1,55,1643.3322437927668,HK.06166|HK.09696|HK.01888|HK.02252|HK.00522|HK.01729|HK.00470|HK.01877|HK.01548|HK.09678,
14,3,10,20,waterfall,15,1.106281268945355,10.628126894535495,-21.324271475236845,9,29,37,False,14023.567602938158,477280.6033468962,436139.5701136334,55164.600836200916,67,1,55,1643.3322437927668,HK.06166|HK.09696|HK.01888|HK.02252|HK.00522|HK.01729|HK.00470|HK.01877|HK.01548|HK.09678,
15,3,10,20,waterfall,20,1.106281268945355,10.628126894535495,-21.324271475236845,9,29,37,False,14023.567602938158,477280.6033468962,436139.5701136334,55164.600836200916,67,1,55,1643.3322437927668,HK.06166|HK.09696|HK.01888|HK.02252|HK.00522|HK.01729|HK.00470|HK.01877|HK.01548|HK.09678,
16,6,12,30,waterfall,10,1.287333333462824,28.733333346282407,-15.34623618069445,3,48,58,False,85088.59504591365,161660.85850075193,246749.45354666558,0.0,1,172,10,1637.1669586460812,HK.01428|HK.06166|HK.01877|HK.02618|HK.09995|HK.03750|HK.03896|HK.09926|HK.02252|HK.07618,
17,6,12,30,waterfall,15,1.287333333462824,28.733333346282407,-15.34623618069445,3,48,58,False,85088.59504591365,161660.85850075193,246749.45354666558,0.0,1,172,10,1637.1669586460812,HK.01428|HK.06166|HK.01877|HK.02618|HK.09995|HK.03750|HK.03896|HK.09926|HK.02252|HK.07618,
18,6,12,30,waterfall,20,1.287333333462824,28.733333346282407,-15.34623618069445,3,48,58,False,85088.59504591365,161660.85850075193,246749.45354666558,0.0,1,172,10,1637.1669586460812,HK.01428|HK.06166|HK.01877|HK.02618|HK.09995|HK.03750|HK.03896|HK.09926|HK.02252|HK.07618,
19,5,10,30,waterfall,10,1.1617380647923314,16.173806479233143,-16.012339232647488,5,42,51,False,42637.46395536448,257981.8497364978,300619.3136918623,0.0,19,85,19,1590.6078909377566,HK.06166|HK.01877|HK.03750|HK.03896|HK.02252|HK.07618|HK.00470|HK.09696|HK.01888|HK.01548,
20,5,10,30,waterfall,15,1.1617380647923314,16.173806479233143,-16.012339232647488,5,42,51,False,42637.46395536448,257981.8497364978,300619.3136918623,0.0,19,85,19,1590.6078909377566,HK.06166|HK.01877|HK.03750|HK.03896|HK.02252|HK.07618|HK.00470|HK.09696|HK.01888|HK.01548,
21,5,10,30,waterfall,20,1.1617380647923314,16.173806479233143,-16.012339232647488,5,42,51,False,42637.46395536448,257981.8497364978,300619.3136918623,0.0,19,85,19,1590.6078909377566,HK.06166|HK.01877|HK.03750|HK.03896|HK.02252|HK.07618|HK.00470|HK.09696|HK.01888|HK.01548,
22,3,6,15,dual_objective,10,0.9658341951594482,-3.416580484055176,-27.303151324609097,8,30,38,False,17124.145485888235,402864.3932845496,419988.5387704378,0.0,52,7,46,1556.518339902072,HK.06166|HK.01888|HK.06651|HK.02252|HK.00522|HK.03696|HK.01548|HK.00470|HK.01877|HK.01729,
23,3,6,15,dual_objective,15,0.9658341951594482,-3.416580484055176,-27.303151324609097,8,30,38,False,17124.145485888235,402864.3932845496,419988.5387704378,0.0,52,7,46,1556.518339902072,HK.06166|HK.01888|HK.06651|HK.02252|HK.00522|HK.03696|HK.01548|HK.00470|HK.01877|HK.01729,
24,3,6,15,dual_objective,20,0.9658341951594482,-3.416580484055176,-27.303151324609097,8,30,38,False,17124.145485888235,402864.3932845496,419988.5387704378,0.0,52,7,46,1556.518339902072,HK.06166|HK.01888|HK.06651|HK.02252|HK.00522|HK.03696|HK.01548|HK.00470|HK.01877|HK.01729,
25,5,10,30,dual_objective,10,1.1230424288529084,12.30424288529084,-16.72130658235641,4,44,53,False,49762.25723030907,197177.78869914793,246940.045929457,0.0,13,121,13,1543.353933210805,HK.06166|HK.01877|HK.03750|HK.03896|HK.02252|HK.07618|HK.00470|HK.09696|HK.01888|HK.01548,
26,5,10,30,dual_objective,15,1.1230424288529084,12.30424288529084,-16.72130658235641,4,44,53,False,49762.25723030907,197177.78869914793,246940.045929457,0.0,13,121,13,1543.353933210805,HK.06166|HK.01877|HK.03750|HK.03896|HK.02252|HK.07618|HK.00470|HK.09696|HK.01888|HK.01548,
27,5,10,30,dual_objective,20,1.1230424288529084,12.30424288529084,-16.72130658235641,4,44,53,False,49762.25723030907,197177.78869914793,246940.045929457,0.0,13,121,13,1543.353933210805,HK.06166|HK.01877|HK.03750|HK.03896|HK.02252|HK.07618|HK.00470|HK.09696|HK.01888|HK.01548,
28,2,5,12,dual_objective,10,1.1980787032015603,19.807870320156027,-14.474499472139069,8,29,35,False,11494.263060283847,440563.47106649476,452057.7341267786,0.0,91,7,55,1516.6134403024896,HK.06166|HK.01888|HK.00522|HK.01729|HK.02252|HK.00470|HK.03896|HK.00148|HK.01548|HK.02577,
29,2,5,12,dual_objective,15,1.1980787032015603,19.807870320156027,-14.474499472139069,8,29,35,False,11494.263060283847,440563.47106649476,452057.7341267786,0.0,91,7,55,1516.6134403024896,HK.06166|HK.01888|HK.00522|HK.01729|HK.02252|HK.00470|HK.03896|HK.00148|HK.01548|HK.02577,
30,2,5,12,dual_objective,20,1.1980787032015603,19.807870320156027,-14.474499472139069,8,29,35,False,11494.263060283847,440563.47106649476,452057.7341267786,0.0,91,7,55,1516.6134403024896,HK.06166|HK.01888|HK.00522|HK.01729|HK.02252|HK.00470|HK.03896|HK.00148|HK.01548|HK.02577,
31,8,15,40,er_over_vol,10,1.2158054332696482,21.58054332696482,-15.195285525426193,5,44,44,False,45064.11711286986,279804.2474611407,324868.36457401054,0.0,16,85,13,1506.673783200255,HK.03317|HK.02618|HK.09926|HK.03931|HK.01288|HK.00522|HK.01888|HK.00995|HK.01398|HK.03750,
32,8,15,40,er_over_vol,15,1.2158054332696482,21.58054332696482,-15.195285525426193,5,44,44,False,45064.11711286986,279804.2474611407,324868.36457401054,0.0,16,85,13,1506.673783200255,HK.03317|HK.02618|HK.09926|HK.03931|HK.01288|HK.00522|HK.01888|HK.00995|HK.01398|HK.03750,
33,8,15,40,er_over_vol,20,1.2158054332696482,21.58054332696482,-15.195285525426193,5,44,44,False,45064.11711286986,279804.2474611407,324868.36457401054,0.0,16,85,13,1506.673783200255,HK.03317|HK.02618|HK.09926|HK.03931|HK.01288|HK.00522|HK.01888|HK.00995|HK.01398|HK.03750,
34,2,4,10,dual_objective,10,1.2928809724080728,29.288097240807275,-12.745627181454322,7,30,35,False,38889.85839065217,414008.118261126,452897.97665177815,0.0,25,31,46,1494.982456263762,HK.06166|HK.01888|HK.00522|HK.01729|HK.00148|HK.00470|HK.02252|HK.03896|HK.09678|HK.01385,
35,2,4,10,dual_objective,15,1.2928809724080728,29.288097240807275,-12.745627181454322,7,30,35,False,38889.85839065217,414008.118261126,452897.97665177815,0.0,25,31,46,1494.982456263762,HK.06166|HK.01888|HK.00522|HK.01729|HK.00148|HK.00470|HK.02252|HK.03896|HK.09678|HK.01385,
36,2,4,10,dual_objective,20,1.2928809724080728,29.288097240807275,-12.745627181454322,7,30,35,False,38889.85839065217,414008.118261126,452897.97665177815,0.0,25,31,46,1494.982456263762,HK.06166|HK.01888|HK.00522|HK.01729|HK.00148|HK.00470|HK.02252|HK.03896|HK.09678|HK.01385,
37,2,5,12,waterfall,10,1.1906972710972652,19.06972710972652,-12.462635614361705,8,28,34,False,8561.18804680038,448861.9649644648,457423.15301126515,0.0,109,7,70,1489.0351241183764,HK.06166|HK.01888|HK.00522|HK.01729|HK.02252|HK.00470|HK.03896|HK.00148|HK.01548|HK.02577,
38,2,5,12,waterfall,15,1.1906972710972652,19.06972710972652,-12.462635614361705,8,28,34,False,8561.18804680038,448861.9649644648,457423.15301126515,0.0,109,7,70,1489.0351241183764,HK.06166|HK.01888|HK.00522|HK.01729|HK.02252|HK.00470|HK.03896|HK.00148|HK.01548|HK.02577,
39,2,5,12,waterfall,20,1.1906972710972652,19.06972710972652,-12.462635614361705,8,28,34,False,8561.18804680038,448861.9649644648,457423.15301126515,0.0,109,7,70,1489.0351241183764,HK.06166|HK.01888|HK.00522|HK.01729|HK.02252|HK.00470|HK.03896|HK.00148|HK.01548|HK.02577,
40,2,4,10,waterfall,10,1.2977504427652127,29.775044276521268,-13.35575695486918,7,29,34,False,40985.21751413407,412093.5456089635,453078.7631230976,0.0,22,31,55,1480.355953687964,HK.06166|HK.01888|HK.00522|HK.01729|HK.00148|HK.00470|HK.02252|HK.03896|HK.09678|HK.01385,
41,2,4,10,waterfall,15,1.2977504427652127,29.775044276521268,-13.35575695486918,7,29,34,False,40985.21751413407,412093.5456089635,453078.7631230976,0.0,22,31,55,1480.355953687964,HK.06166|HK.01888|HK.00522|HK.01729|HK.00148|HK.00470|HK.02252|HK.03896|HK.09678|HK.01385,
42,2,4,10,waterfall,20,1.2977504427652127,29.775044276521268,-13.35575695486918,7,29,34,False,40985.21751413407,412093.5456089635,453078.7631230976,0.0,22,31,55,1480.355953687964,HK.06166|HK.01888|HK.00522|HK.01729|HK.00148|HK.00470|HK.02252|HK.03896|HK.09678|HK.01385,
43,2,8,20,waterfall,10,1.2465471013045293,24.654710130452926,-15.582079601057286,8,27,33,False,9303.840313725115,432981.20438588003,442285.04469960515,0.0,106,7,79,1476.3520335104745,HK.06166|HK.01888|HK.02252|HK.00522|HK.01729|HK.00470|HK.01548|HK.09678|HK.03696|HK.03896,
44,2,8,20,waterfall,15,1.2465471013045293,24.654710130452926,-15.582079601057286,8,27,33,False,9303.840313725115,432981.20438588003,442285.04469960515,0.0,106,7,79,1476.3520335104745,HK.06166|HK.01888|HK.02252|HK.00522|HK.01729|HK.00470|HK.01548|HK.09678|HK.03696|HK.03896,
45,2,8,20,waterfall,20,1.2465471013045293,24.654710130452926,-15.582079601057286,8,27,33,False,9303.840313725115,432981.20438588003,442285.04469960515,0.0,106,7,79,1476.3520335104745,HK.06166|HK.01888|HK.02252|HK.00522|HK.01729|HK.00470|HK.01548|HK.09678|HK.03696|HK.03896,
46,2,8,20,dual_objective,10,1.1938058552866384,19.38058552866384,-15.516853255186225,8,27,33,False,9805.872111790231,428334.45197414135,438140.3240859316,0.0,103,7,79,1472.2486884902744,HK.06166|HK.01888|HK.02252|HK.00522|HK.01729|HK.00470|HK.01548|HK.09678|HK.03696|HK.03896,
47,2,8,20,dual_objective,15,1.1938058552866384,19.38058552866384,-15.516853255186225,8,27,33,False,9805.872111790231,428334.45197414135,438140.3240859316,0.0,103,7,79,1472.2486884902744,HK.06166|HK.01888|HK.02252|HK.00522|HK.01729|HK.00470|HK.01548|HK.09678|HK.03696|HK.03896,
48,2,8,20,dual_objective,20,1.1938058552866384,19.38058552866384,-15.516853255186225,8,27,33,False,9805.872111790231,428334.45197414135,438140.3240859316,0.0,103,7,79,1472.2486884902744,HK.06166|HK.01888|HK.02252|HK.00522|HK.01729|HK.00470|HK.01548|HK.09678|HK.03696|HK.03896,
49,4,10,25,waterfall,10,1.1227616747470335,12.276167474703348,-18.429987388434597,4,38,49,True,35089.64541988418,197127.95849261247,232217.60391249665,0.0,28,121,22,1469.1081162499167,HK.03317|HK.06166|HK.02252|HK.06088|HK.01888|HK.01877|HK.09696|HK.00522|HK.01729|HK.06869,
50,4,10,25,waterfall,15,1.1227616747470335,12.276167474703348,-18.429987388434597,4,38,49,True,35089.64541988418,197127.95849261247,232217.60391249665,0.0,28,121,22,1469.1081162499167,HK.03317|HK.06166|HK.02252|HK.06088|HK.01888|HK.01877|HK.09696|HK.00522|HK.01729|HK.06869,
51,4,10,25,waterfall,20,1.1227616747470335,12.276167474703348,-18.429987388434597,4,38,49,True,35089.64541988418,197127.95849261247,232217.60391249665,0.0,28,121,22,1469.1081162499167,HK.03317|HK.06166|HK.02252|HK.06088|HK.01888|HK.01877|HK.09696|HK.00522|HK.01729|HK.06869,
52,4,10,25,dual_objective,10,1.0920944677567368,9.20944677567368,-18.911927144121567,4,38,49,True,33773.05173990596,192403.76335619038,226176.81509609634,0.0,31,121,22,1462.9709904416725,HK.03317|HK.06166|HK.02252|HK.06088|HK.01888|HK.01877|HK.09696|HK.00522|HK.01729|HK.06869,
53,4,10,25,dual_objective,15,1.0920944677567368,9.20944677567368,-18.911927144121567,4,38,49,True,33773.05173990596,192403.76335619038,226176.81509609634,0.0,31,121,22,1462.9709904416725,HK.03317|HK.06166|HK.02252|HK.06088|HK.01888|HK.01877|HK.09696|HK.00522|HK.01729|HK.06869,
54,4,10,25,dual_objective,20,1.0920944677567368,9.20944677567368,-18.911927144121567,4,38,49,True,33773.05173990596,192403.76335619038,226176.81509609634,0.0,31,121,22,1462.9709904416725,HK.03317|HK.06166|HK.02252|HK.06088|HK.01888|HK.01877|HK.09696|HK.00522|HK.01729|HK.06869,
55,2,6,15,waterfall,10,1.1069076060201952,10.690760602019523,-20.534183450358178,8,26,32,False,13206.496541264118,416476.1266143968,429682.6231556609,0.0,79,7,94,1451.4894003583606,HK.06166|HK.01888|HK.02252|HK.00522|HK.03696|HK.01548|HK.00470|HK.01729|HK.00148|HK.00699,
56,2,6,15,waterfall,15,1.1069076060201952,10.690760602019523,-20.534183450358178,8,26,32,False,13206.496541264118,416476.1266143968,429682.6231556609,0.0,79,7,94,1451.4894003583606,HK.06166|HK.01888|HK.02252|HK.00522|HK.03696|HK.01548|HK.00470|HK.01729|HK.00148|HK.00699,
57,2,6,15,waterfall,20,1.1069076060201952,10.690760602019523,-20.534183450358178,8,26,32,False,13206.496541264118,416476.1266143968,429682.6231556609,0.0,79,7,94,1451.4894003583606,HK.06166|HK.01888|HK.02252|HK.00522|HK.03696|HK.01548|HK.00470|HK.01729|HK.00148|HK.00699,
58,2,6,15,dual_objective,10,1.0607265184058399,6.072651840583987,-22.38261745511777,8,26,32,False,13550.271816409775,409327.893830752,422878.1656471618,0.0,73,7,94,1447.6730039074737,HK.06166|HK.01888|HK.02252|HK.00522|HK.03696|HK.01548|HK.00470|HK.01729|HK.00148|HK.00699,
59,2,6,15,dual_objective,15,1.0607265184058399,6.072651840583987,-22.38261745511777,8,26,32,False,13550.271816409775,409327.893830752,422878.1656471618,0.0,73,7,94,1447.6730039074737,HK.06166|HK.01888|HK.02252|HK.00522|HK.03696|HK.01548|HK.00470|HK.01729|HK.00148|HK.00699,
60,2,6,15,dual_objective,20,1.0607265184058399,6.072651840583987,-22.38261745511777,8,26,32,False,13550.271816409775,409327.893830752,422878.1656471618,0.0,73,7,94,1447.6730039074737,HK.06166|HK.01888|HK.02252|HK.00522|HK.03696|HK.01548|HK.00470|HK.01729|HK.00148|HK.00699,
61,3,6,15,waterfall,10,0.9710157276150558,-2.8984272384944165,-27.17619361023965,7,29,37,False,15043.882532573305,343003.04750316415,358046.93003573746,0.0,61,31,55,1432.1851482737352,HK.06166|HK.01888|HK.06651|HK.02252|HK.00522|HK.03696|HK.01548|HK.00470|HK.01877|HK.01729,
62,3,6,15,waterfall,15,0.9710157276150558,-2.8984272384944165,-27.17619361023965,7,29,37,False,15043.882532573305,343003.04750316415,358046.93003573746,0.0,61,31,55,1432.1851482737352,HK.06166|HK.01888|HK.06651|HK.02252|HK.00522|HK.03696|HK.01548|HK.00470|HK.01877|HK.01729,
63,3,6,15,waterfall,20,0.9710157276150558,-2.8984272384944165,-27.17619361023965,7,29,37,False,15043.882532573305,343003.04750316415,358046.93003573746,0.0,61,31,55,1432.1851482737352,HK.06166|HK.01888|HK.06651|HK.02252|HK.00522|HK.03696|HK.01548|HK.00470|HK.01877|HK.01729,
64,3,8,15,dual_objective,10,1.0276986377894053,2.769863778940529,-23.171599354843554,7,28,36,False,17581.079105190292,349513.05384337995,367094.13294857024,0.0,46,31,70,1423.7703910722043,HK.06166|HK.01888|HK.06651|HK.02252|HK.00522|HK.03696|HK.01548|HK.00470|HK.01877|HK.01729,
65,3,8,15,dual_objective,15,1.0276986377894053,2.769863778940529,-23.171599354843554,7,28,36,False,17581.079105190292,349513.05384337995,367094.13294857024,0.0,46,31,70,1423.7703910722043,HK.06166|HK.01888|HK.06651|HK.02252|HK.00522|HK.03696|HK.01548|HK.00470|HK.01877|HK.01729,
66,3,8,15,dual_objective,20,1.0276986377894053,2.769863778940529,-23.171599354843554,7,28,36,False,17581.079105190292,349513.05384337995,367094.13294857024,0.0,46,31,70,1423.7703910722043,HK.06166|HK.01888|HK.06651|HK.02252|HK.00522|HK.03696|HK.01548|HK.00470|HK.01877|HK.01729,
67,5,10,30,er_over_vol,10,1.1213927563430592,12.139275634305925,-19.244940819156263,8,27,31,False,3942.6074682325707,412069.25107998285,416011.8585482154,0.0,127,7,79,1421.333761600766,HK.01288|HK.01877|HK.03750|HK.03896|HK.02252|HK.01548|HK.00470|HK.09696|HK.00998|HK.00995,
68,5,10,30,er_over_vol,15,1.1213927563430592,12.139275634305925,-19.244940819156263,8,27,31,False,3942.6074682325707,412069.25107998285,416011.8585482154,0.0,127,7,79,1421.333761600766,HK.01288|HK.01877|HK.03750|HK.03896|HK.02252|HK.01548|HK.00470|HK.09696|HK.00998|HK.00995,
69,5,10,30,er_over_vol,20,1.1213927563430592,12.139275634305925,-19.244940819156263,8,27,31,False,3942.6074682325707,412069.25107998285,416011.8585482154,0.0,127,7,79,1421.333761600766,HK.01288|HK.01877|HK.03750|HK.03896|HK.02252|HK.01548|HK.00470|HK.09696|HK.00998|HK.00995,
70,3,8,15,waterfall,10,0.961087877498663,-3.891212250133702,-28.71313231007193,7,28,36,False,13344.872828863794,342223.3400849615,355568.2129138253,0.0,76,31,70,1407.2301324279317,HK.06166|HK.01888|HK.06651|HK.02252|HK.00522|HK.03696|HK.01548|HK.00470|HK.01877|HK.01729,
71,3,8,15,waterfall,15,0.961087877498663,-3.891212250133702,-28.71313231007193,7,28,36,False,13344.872828863794,342223.3400849615,355568.2129138253,0.0,76,31,70,1407.2301324279317,HK.06166|HK.01888|HK.06651|HK.02252|HK.00522|HK.03696|HK.01548|HK.00470|HK.01877|HK.01729,
72,3,8,15,waterfall,20,0.961087877498663,-3.891212250133702,-28.71313231007193,7,28,36,False,13344.872828863794,342223.3400849615,355568.2129138253,0.0,76,31,70,1407.2301324279317,HK.06166|HK.01888|HK.06651|HK.02252|HK.00522|HK.03696|HK.01548|HK.00470|HK.01877|HK.01729,
73,3,8,20,waterfall,10,1.0742943101153024,7.429431011530241,-22.427306453541906,7,27,35,False,11465.473496487946,365457.8464314671,376923.31992795505,0.0,94,31,79,1394.1678613553288,HK.06166|HK.09696|HK.01888|HK.02252|HK.00522|HK.01729|HK.00470|HK.01877|HK.01548|HK.09678,
74,3,8,20,waterfall,15,1.0742943101153024,7.429431011530241,-22.427306453541906,7,27,35,False,11465.473496487946,365457.8464314671,376923.31992795505,0.0,94,31,79,1394.1678613553288,HK.06166|HK.09696|HK.01888|HK.02252|HK.00522|HK.01729|HK.00470|HK.01877|HK.01548|HK.09678,
75,3,8,20,waterfall,20,1.0742943101153024,7.429431011530241,-22.427306453541906,7,27,35,False,11465.473496487946,365457.8464314671,376923.31992795505,0.0,94,31,79,1394.1678613553288,HK.06166|HK.09696|HK.01888|HK.02252|HK.00522|HK.01729|HK.00470|HK.01877|HK.01548|HK.09678,
76,3,8,20,dual_objective,10,1.0561607095979941,5.616070959799413,-22.544553396905854,7,27,35,False,11591.75361776055,364656.27313731564,376248.0267550762,0.0,88,31,79,1392.648996967252,HK.06166|HK.09696|HK.01888|HK.02252|HK.00522|HK.01729|HK.00470|HK.01877|HK.01548|HK.09678,
77,3,8,20,dual_objective,15,1.0561607095979941,5.616070959799413,-22.544553396905854,7,27,35,False,11591.75361776055,364656.27313731564,376248.0267550762,0.0,88,31,79,1392.648996967252,HK.06166|HK.09696|HK.01888|HK.02252|HK.00522|HK.01729|HK.00470|HK.01877|HK.01548|HK.09678,
78,3,8,20,dual_objective,20,1.0561607095979941,5.616070959799413,-22.544553396905854,7,27,35,False,11591.75361776055,364656.27313731564,376248.0267550762,0.0,88,31,79,1392.648996967252,HK.06166|HK.09696|HK.01888|HK.02252|HK.00522|HK.01729|HK.00470|HK.01877|HK.01548|HK.09678,
79,5,10,20,waterfall,10,1.1552017199219233,15.520171992192333,-17.526208246672837,5,33,43,False,10343.553461624222,254962.82616207076,265306.379623695,0.0,100,85,31,1349.642192231977,HK.06166|HK.09696|HK.01888|HK.02252|HK.00522|HK.01729|HK.00470|HK.01877|HK.01548|HK.03696,
80,5,10,20,waterfall,15,1.1552017199219233,15.520171992192333,-17.526208246672837,5,33,43,False,10343.553461624222,254962.82616207076,265306.379623695,0.0,100,85,31,1349.642192231977,HK.06166|HK.09696|HK.01888|HK.02252|HK.00522|HK.01729|HK.00470|HK.01877|HK.01548|HK.03696,
81,5,10,20,waterfall,20,1.1552017199219233,15.520171992192333,-17.526208246672837,5,33,43,False,10343.553461624222,254962.82616207076,265306.379623695,0.0,100,85,31,1349.642192231977,HK.06166|HK.09696|HK.01888|HK.02252|HK.00522|HK.01729|HK.00470|HK.01877|HK.01548|HK.03696,
82,4,8,20,waterfall,10,1.208364763063725,20.83647630637251,-20.0368059562997,5,33,41,False,19714.10284776741,263665.9000493927,283380.0028971601,0.0,37,85,31,1346.8113909880017,HK.03317|HK.06166|HK.09696|HK.01888|HK.01772|HK.02252|HK.00522|HK.01729|HK.00470|HK.01877,
83,4,8,20,waterfall,15,1.208364763063725,20.83647630637251,-20.0368059562997,5,33,41,False,19714.10284776741,263665.9000493927,283380.0028971601,0.0,37,85,31,1346.8113909880017,HK.03317|HK.06166|HK.09696|HK.01888|HK.01772|HK.02252|HK.00522|HK.01729|HK.00470|HK.01877,
84,4,8,20,waterfall,20,1.208364763063725,20.83647630637251,-20.0368059562997,5,33,41,False,19714.10284776741,263665.9000493927,283380.0028971601,0.0,37,85,31,1346.8113909880017,HK.03317|HK.06166|HK.09696|HK.01888|HK.01772|HK.02252|HK.00522|HK.01729|HK.00470|HK.01877,
85,4,8,20,dual_objective,10,1.204803988961753,20.480398896175302,-20.499723432808192,5,33,41,False,19756.173895991204,259719.0228316195,279475.1967276107,0.0,34,85,31,1346.5534267340354,HK.03317|HK.06166|HK.09696|HK.01888|HK.01772|HK.02252|HK.00522|HK.01729|HK.00470|HK.01877,
86,4,8,20,dual_objective,15,1.204803988961753,20.480398896175302,-20.499723432808192,5,33,41,False,19756.173895991204,259719.0228316195,279475.1967276107,0.0,34,85,31,1346.5534267340354,HK.03317|HK.06166|HK.09696|HK.01888|HK.01772|HK.02252|HK.00522|HK.01729|HK.00470|HK.01877,
87,4,8,20,dual_objective,20,1.204803988961753,20.480398896175302,-20.499723432808192,5,33,41,False,19756.173895991204,259719.0228316195,279475.1967276107,0.0,34,85,31,1346.5534267340354,HK.03317|HK.06166|HK.09696|HK.01888|HK.01772|HK.02252|HK.00522|HK.01729|HK.00470|HK.01877,
88,6,12,30,er_over_vol,10,1.0948276886784802,9.482768867848023,-21.93951358693863,6,30,35,False,12472.965354877,311810.43672440335,324283.40207928035,0.0,85,64,46,1313.570753365318,HK.02618|HK.01428|HK.09926|HK.01288|HK.01877|HK.03750|HK.03896|HK.02252|HK.01548|HK.00470,
89,6,12,30,er_over_vol,15,1.0948276886784802,9.482768867848023,-21.93951358693863,6,30,35,False,12472.965354877,311810.43672440335,324283.40207928035,0.0,85,64,46,1313.570753365318,HK.02618|HK.01428|HK.09926|HK.01288|HK.01877|HK.03750|HK.03896|HK.02252|HK.01548|HK.00470,
90,6,12,30,er_over_vol,20,1.0948276886784802,9.482768867848023,-21.93951358693863,6,30,35,False,12472.965354877,311810.43672440335,324283.40207928035,0.0,85,64,46,1313.570753365318,HK.02618|HK.01428|HK.09926|HK.01288|HK.01877|HK.03750|HK.03896|HK.02252|HK.01548|HK.00470,
91,4,10,20,waterfall,10,1.217193697856227,21.7193697856227,-21.135890405295243,4,33,42,True,19573.834742801497,214155.5929453712,233729.4276881727,0.0,40,121,31,1312.3671676713136,HK.03317|HK.06166|HK.09696|HK.01888|HK.01772|HK.06869|HK.02252|HK.00522|HK.01729|HK.00470,
92,4,10,20,waterfall,15,1.217193697856227,21.7193697856227,-21.135890405295243,4,33,42,True,19573.834742801497,214155.5929453712,233729.4276881727,0.0,40,121,31,1312.3671676713136,HK.03317|HK.06166|HK.09696|HK.01888|HK.01772|HK.06869|HK.02252|HK.00522|HK.01729|HK.00470,
93,4,10,20,waterfall,20,1.217193697856227,21.7193697856227,-21.135890405295243,4,33,42,True,19573.834742801497,214155.5929453712,233729.4276881727,0.0,40,121,31,1312.3671676713136,HK.03317|HK.06166|HK.09696|HK.01888|HK.01772|HK.06869|HK.02252|HK.00522|HK.01729|HK.00470,
94,4,10,20,dual_objective,10,1.2271092225453752,22.710922254537525,-20.188300955693784,4,33,42,True,19144.816402057564,218252.28176015476,237397.09816221232,0.0,43,121,31,1312.3582139663047,HK.03317|HK.06166|HK.09696|HK.01888|HK.01772|HK.06869|HK.02252|HK.00522|HK.01729|HK.00470,
95,4,10,20,dual_objective,15,1.2271092225453752,22.710922254537525,-20.188300955693784,4,33,42,True,19144.816402057564,218252.28176015476,237397.09816221232,0.0,43,121,31,1312.3582139663047,HK.03317|HK.06166|HK.09696|HK.01888|HK.01772|HK.06869|HK.02252|HK.00522|HK.01729|HK.00470,
96,4,10,20,dual_objective,20,1.2271092225453752,22.710922254537525,-20.188300955693784,4,33,42,True,19144.816402057564,218252.28176015476,237397.09816221232,0.0,43,121,31,1312.3582139663047,HK.03317|HK.06166|HK.09696|HK.01888|HK.01772|HK.06869|HK.02252|HK.00522|HK.01729|HK.00470,
97,5,10,20,dual_objective,10,1.1689741993494196,16.897419934941958,-16.970490101056946,4,34,44,False,17363.393850256893,206254.1177967166,223617.5116469735,0.0,49,121,28,1287.390287249951,HK.06166|HK.09696|HK.01888|HK.02252|HK.00522|HK.01729|HK.00470|HK.01877|HK.01548|HK.03696,
98,5,10,20,dual_objective,15,1.1689741993494196,16.897419934941958,-16.970490101056946,4,34,44,False,17363.393850256893,206254.1177967166,223617.5116469735,0.0,49,121,28,1287.390287249951,HK.06166|HK.09696|HK.01888|HK.02252|HK.00522|HK.01729|HK.00470|HK.01877|HK.01548|HK.03696,
99,5,10,20,dual_objective,20,1.1689741993494196,16.897419934941958,-16.970490101056946,4,34,44,False,17363.393850256893,206254.1177967166,223617.5116469735,0.0,49,121,28,1287.390287249951,HK.06166|HK.09696|HK.01888|HK.02252|HK.00522|HK.01729|HK.00470|HK.01877|HK.01548|HK.03696,
100,2,8,20,er_over_vol,10,1.2521999820897043,25.21999820897043,-17.457062817263136,7,21,25,False,478.9680162948789,406261.22430840204,406740.1923246969,0.0,136,31,112,1206.3369911482096,HK.02252|HK.01288|HK.00522|HK.01888|HK.03618|HK.03988|HK.01548|HK.00470|HK.06166|HK.00998,
101,2,8,20,er_over_vol,15,1.2521999820897043,25.21999820897043,-17.457062817263136,7,21,25,False,478.9680162948789,406261.22430840204,406740.1923246969,0.0,136,31,112,1206.3369911482096,HK.02252|HK.01288|HK.00522|HK.01888|HK.03618|HK.03988|HK.01548|HK.00470|HK.06166|HK.00998,
102,2,8,20,er_over_vol,20,1.2521999820897043,25.21999820897043,-17.457062817263136,7,21,25,False,478.9680162948789,406261.22430840204,406740.1923246969,0.0,136,31,112,1206.3369911482096,HK.02252|HK.01288|HK.00522|HK.01888|HK.03618|HK.03988|HK.01548|HK.00470|HK.06166|HK.00998,
103,3,8,20,er_over_vol,10,1.1531285625337606,15.312856253376061,-19.019765858651393,7,21,24,False,-2485.6983086243854,376974.1071831806,374488.4088745562,0.0,157,31,112,1174.5160026736953,HK.09696|HK.02252|HK.01288|HK.00522|HK.01888|HK.03988|HK.01548|HK.00470|HK.06166|HK.01877,
104,3,8,20,er_over_vol,15,1.1531285625337606,15.312856253376061,-19.019765858651393,7,21,24,False,-2485.6983086243854,376974.1071831806,374488.4088745562,0.0,157,31,112,1174.5160026736953,HK.09696|HK.02252|HK.01288|HK.00522|HK.01888|HK.03988|HK.01548|HK.00470|HK.06166|HK.01877,
105,3,8,20,er_over_vol,20,1.1531285625337606,15.312856253376061,-19.019765858651393,7,21,24,False,-2485.6983086243854,376974.1071831806,374488.4088745562,0.0,157,31,112,1174.5160026736953,HK.09696|HK.02252|HK.01288|HK.00522|HK.01888|HK.03988|HK.01548|HK.00470|HK.06166|HK.01877,
106,3,8,15,er_over_vol,10,1.2305682816815915,23.05682816815915,-15.970009439469434,7,16,20,False,-6293.587722253171,393438.35060452553,387144.76288227236,0.0,172,31,124,1088.379662242513,HK.01888|HK.01548|HK.00522|HK.02252|HK.01288|HK.09696|HK.00470|HK.01877|HK.00148|HK.06166,
107,3,8,15,er_over_vol,15,1.2305682816815915,23.05682816815915,-15.970009439469434,7,16,20,False,-6293.587722253171,393438.35060452553,387144.76288227236,0.0,172,31,124,1088.379662242513,HK.01888|HK.01548|HK.00522|HK.02252|HK.01288|HK.09696|HK.00470|HK.01877|HK.00148|HK.06166,
108,3,8,15,er_over_vol,20,1.2305682816815915,23.05682816815915,-15.970009439469434,7,16,20,False,-6293.587722253171,393438.35060452553,387144.76288227236,0.0,172,31,124,1088.379662242513,HK.01888|HK.01548|HK.00522|HK.02252|HK.01288|HK.09696|HK.00470|HK.01877|HK.00148|HK.06166,
109,3,6,15,er_over_vol,10,1.1367137201198658,13.671372011986582,-18.848919050373148,7,16,20,False,-5781.6373849104275,378151.1788506665,372369.5414657561,0.0,166,31,124,1080.1881165200189,HK.01888|HK.01548|HK.00522|HK.02252|HK.01288|HK.09696|HK.00470|HK.01877|HK.00148|HK.06166,
110,3,6,15,er_over_vol,15,1.1367137201198658,13.671372011986582,-18.848919050373148,7,16,20,False,-5781.6373849104275,378151.1788506665,372369.5414657561,0.0,166,31,124,1080.1881165200189,HK.01888|HK.01548|HK.00522|HK.02252|HK.01288|HK.09696|HK.00470|HK.01877|HK.00148|HK.06166,
111,3,6,15,er_over_vol,20,1.1367137201198658,13.671372011986582,-18.848919050373148,7,16,20,False,-5781.6373849104275,378151.1788506665,372369.5414657561,0.0,166,31,124,1080.1881165200189,HK.01888|HK.01548|HK.00522|HK.02252|HK.01288|HK.09696|HK.00470|HK.01877|HK.00148|HK.06166,
112,2,5,12,er_over_vol,10,1.1511616869734882,15.116168697348819,-13.448859349631704,6,17,20,False,11339.068547119037,349759.1350497883,361098.2035969073,0.0,97,64,121,1026.5598122680722,HK.00522|HK.01888|HK.01548|HK.06166|HK.02252|HK.00470|HK.00148|HK.03896|HK.00317|HK.02577,
113,2,5,12,er_over_vol,15,1.1511616869734882,15.116168697348819,-13.448859349631704,6,17,20,False,11339.068547119037,349759.1350497883,361098.2035969073,0.0,97,64,121,1026.5598122680722,HK.00522|HK.01888|HK.01548|HK.06166|HK.02252|HK.00470|HK.00148|HK.03896|HK.00317|HK.02577,
114,2,5,12,er_over_vol,20,1.1511616869734882,15.116168697348819,-13.448859349631704,6,17,20,False,11339.068547119037,349759.1350497883,361098.2035969073,0.0,97,64,121,1026.5598122680722,HK.00522|HK.01888|HK.01548|HK.06166|HK.02252|HK.00470|HK.00148|HK.03896|HK.00317|HK.02577,
115,3,10,20,er_over_vol,10,1.14017512475044,14.017512475043992,-17.20522965452692,6,19,22,False,-6216.868613575352,317456.7405953889,311239.8719818136,0.0,169,64,118,1024.5192618418232,HK.09696|HK.02252|HK.01288|HK.00522|HK.01888|HK.01548|HK.00470|HK.06166|HK.01877|HK.00005,
116,3,10,20,er_over_vol,15,1.14017512475044,14.017512475043992,-17.20522965452692,6,19,22,False,-6216.868613575352,317456.7405953889,311239.8719818136,0.0,169,64,118,1024.5192618418232,HK.09696|HK.02252|HK.01288|HK.00522|HK.01888|HK.01548|HK.00470|HK.06166|HK.01877|HK.00005,
117,3,10,20,er_over_vol,20,1.14017512475044,14.017512475043992,-17.20522965452692,6,19,22,False,-6216.868613575352,317456.7405953889,311239.8719818136,0.0,169,64,118,1024.5192618418232,HK.09696|HK.02252|HK.01288|HK.00522|HK.01888|HK.01548|HK.00470|HK.06166|HK.01877|HK.00005,
118,4,8,20,er_over_vol,10,1.183972180956549,18.39721809565491,-20.997310465688525,4,25,29,False,15029.3234136182,217164.0940128935,232193.4174265117,0.0,64,121,100,1013.4468405410385,HK.03317|HK.09696|HK.01772|HK.02252|HK.01288|HK.00522|HK.01888|HK.03988|HK.01548|HK.00470,
119,4,8,20,er_over_vol,15,1.183972180956549,18.39721809565491,-20.997310465688525,4,25,29,False,15029.3234136182,217164.0940128935,232193.4174265117,0.0,64,121,100,1013.4468405410385,HK.03317|HK.09696|HK.01772|HK.02252|HK.01288|HK.00522|HK.01888|HK.03988|HK.01548|HK.00470,
120,4,8,20,er_over_vol,20,1.183972180956549,18.39721809565491,-20.997310465688525,4,25,29,False,15029.3234136182,217164.0940128935,232193.4174265117,0.0,64,121,100,1013.4468405410385,HK.03317|HK.09696|HK.01772|HK.02252|HK.01288|HK.00522|HK.01888|HK.03988|HK.01548|HK.00470,
121,2,6,15,er_over_vol,10,1.3115902781601136,31.159027816011363,-15.611309298958332,6,16,19,False,2520.4152874891297,357042.64017088804,359563.0554583772,0.0,130,64,124,1002.0368442553078,HK.01888|HK.01548|HK.00522|HK.02252|HK.01288|HK.00470|HK.00148|HK.06166|HK.03696|HK.00699,
122,2,6,15,er_over_vol,15,1.3115902781601136,31.159027816011363,-15.611309298958332,6,16,19,False,2520.4152874891297,357042.64017088804,359563.0554583772,0.0,130,64,124,1002.0368442553078,HK.01888|HK.01548|HK.00522|HK.02252|HK.01288|HK.00470|HK.00148|HK.06166|HK.03696|HK.00699,
123,2,6,15,er_over_vol,20,1.3115902781601136,31.159027816011363,-15.611309298958332,6,16,19,False,2520.4152874891297,357042.64017088804,359563.0554583772,0.0,130,64,124,1002.0368442553078,HK.01888|HK.01548|HK.00522|HK.02252|HK.01288|HK.00470|HK.00148|HK.06166|HK.03696|HK.00699,
124,5,10,20,er_over_vol,10,1.1860179699652798,18.601796996527973,-16.082797388572743,5,22,25,False,-7099.202039880911,270447.0860543156,263347.8840144347,0.0,175,85,106,987.0458720015371,HK.09696|HK.02252|HK.01288|HK.00522|HK.01888|HK.01548|HK.00470|HK.06166|HK.01877|HK.00998,
125,5,10,20,er_over_vol,15,1.1860179699652798,18.601796996527973,-16.082797388572743,5,22,25,False,-7099.202039880911,270447.0860543156,263347.8840144347,0.0,175,85,106,987.0458720015371,HK.09696|HK.02252|HK.01288|HK.00522|HK.01888|HK.01548|HK.00470|HK.06166|HK.01877|HK.00998,
126,5,10,20,er_over_vol,20,1.1860179699652798,18.601796996527973,-16.082797388572743,5,22,25,False,-7099.202039880911,270447.0860543156,263347.8840144347,0.0,175,85,106,987.0458720015371,HK.09696|HK.02252|HK.01288|HK.00522|HK.01888|HK.01548|HK.00470|HK.06166|HK.01877|HK.00998,
127,2,4,10,stable_trend,10,1.122094910903106,12.209491090310598,-15.021138303085523,6,15,16,False,13018.232743008411,323981.0842874639,336999.31703047233,0.0,82,64,136,957.569084133277,HK.01288|HK.00995|HK.00300|HK.00470|HK.00939|HK.01109|HK.02888|HK.01888|HK.00551|HK.01548,
128,2,4,10,stable_trend,15,1.122094910903106,12.209491090310598,-15.021138303085523,6,15,16,False,13018.232743008411,323981.0842874639,336999.31703047233,0.0,82,64,136,957.569084133277,HK.01288|HK.00995|HK.00300|HK.00470|HK.00939|HK.01109|HK.02888|HK.01888|HK.00551|HK.01548,
129,2,4,10,stable_trend,20,1.122094910903106,12.209491090310598,-15.021138303085523,6,15,16,False,13018.232743008411,323981.0842874639,336999.31703047233,0.0,82,64,136,957.569084133277,HK.01288|HK.00995|HK.00300|HK.00470|HK.00939|HK.01109|HK.02888|HK.01888|HK.00551|HK.01548,
130,4,10,20,er_over_vol,10,1.1928116860532119,19.281168605321184,-18.26353788421188,4,24,27,False,4345.309121752973,218399.957956239,222745.26707799197,0.0,124,121,103,954.4147880594027,HK.03317|HK.09696|HK.01772|HK.02252|HK.01288|HK.00522|HK.01888|HK.01548|HK.00470|HK.06166,
131,4,10,20,er_over_vol,15,1.1928116860532119,19.281168605321184,-18.26353788421188,4,24,27,False,4345.309121752973,218399.957956239,222745.26707799197,0.0,124,121,103,954.4147880594027,HK.03317|HK.09696|HK.01772|HK.02252|HK.01288|HK.00522|HK.01888|HK.01548|HK.00470|HK.06166,
132,4,10,20,er_over_vol,20,1.1928116860532119,19.281168605321184,-18.26353788421188,4,24,27,False,4345.309121752973,218399.957956239,222745.26707799197,0.0,124,121,103,954.4147880594027,HK.03317|HK.09696|HK.01772|HK.02252|HK.01288|HK.00522|HK.01888|HK.01548|HK.00470|HK.06166,
133,2,5,12,stable_trend,10,1.038347440228483,3.834744022848291,-14.166611109130855,6,16,17,False,192.0044756065472,317304.61380652245,317496.618282129,0.0,145,64,124,939.2825143044922,HK.01288|HK.00995|HK.00300|HK.00470|HK.01109|HK.02888|HK.01888|HK.00551|HK.01929|HK.00317,
134,2,5,12,stable_trend,15,1.038347440228483,3.834744022848291,-14.166611109130855,6,16,17,False,192.0044756065472,317304.61380652245,317496.618282129,0.0,145,64,124,939.2825143044922,HK.01288|HK.00995|HK.00300|HK.00470|HK.01109|HK.02888|HK.01888|HK.00551|HK.01929|HK.00317,
135,2,5,12,stable_trend,20,1.038347440228483,3.834744022848291,-14.166611109130855,6,16,17,False,192.0044756065472,317304.61380652245,317496.618282129,0.0,145,64,124,939.2825143044922,HK.01288|HK.00995|HK.00300|HK.00470|HK.01109|HK.02888|HK.01888|HK.00551|HK.01929|HK.00317,
136,2,6,15,stable_trend,10,1.1028933073707168,10.289330737071678,-13.005933342017507,6,15,16,False,5609.464530098427,325767.82726648205,331377.2917965805,0.0,118,64,136,938.3710649236266,HK.01288|HK.03988|HK.00995|HK.01398|HK.00300|HK.00470|HK.00939|HK.02899|HK.01109|HK.02888,
137,2,6,15,stable_trend,15,1.1028933073707168,10.289330737071678,-13.005933342017507,6,15,16,False,5609.464530098427,325767.82726648205,331377.2917965805,0.0,118,64,136,938.3710649236266,HK.01288|HK.03988|HK.00995|HK.01398|HK.00300|HK.00470|HK.00939|HK.02899|HK.01109|HK.02888,
138,2,6,15,stable_trend,20,1.1028933073707168,10.289330737071678,-13.005933342017507,6,15,16,False,5609.464530098427,325767.82726648205,331377.2917965805,0.0,118,64,136,938.3710649236266,HK.01288|HK.03988|HK.00995|HK.01398|HK.00300|HK.00470|HK.00939|HK.02899|HK.01109|HK.02888,
139,4,10,25,er_over_vol,10,1.084151960203955,8.41519602039551,-21.274887339217063,4,22,28,False,-1265.7044410133676,207219.616499966,205953.91205895264,0.0,154,121,106,935.4634688159116,HK.01288|HK.03317|HK.02252|HK.00998|HK.09696|HK.01877|HK.00522|HK.01548|HK.01888|HK.01772,
140,4,10,25,er_over_vol,15,1.084151960203955,8.41519602039551,-21.274887339217063,4,22,28,False,-1265.7044410133676,207219.616499966,205953.91205895264,0.0,154,121,106,935.4634688159116,HK.01288|HK.03317|HK.02252|HK.00998|HK.09696|HK.01877|HK.00522|HK.01548|HK.01888|HK.01772,
141,4,10,25,er_over_vol,20,1.084151960203955,8.41519602039551,-21.274887339217063,4,22,28,False,-1265.7044410133676,207219.616499966,205953.91205895264,0.0,154,121,106,935.4634688159116,HK.01288|HK.03317|HK.02252|HK.00998|HK.09696|HK.01877|HK.00522|HK.01548|HK.01888|HK.01772,
142,2,4,10,er_over_vol,10,1.1861161512582425,18.611615125824255,-13.707356353090482,5,15,19,False,-4915.356563029753,293905.26926643465,288989.9127034049,0.0,163,85,136,867.1485979974202,HK.00522|HK.01888|HK.06166|HK.00470|HK.00148|HK.02252|HK.01729|HK.03896|HK.00317|HK.01385,
143,2,4,10,er_over_vol,15,1.1861161512582425,18.611615125824255,-13.707356353090482,5,15,19,False,-4915.356563029753,293905.26926643465,288989.9127034049,0.0,163,85,136,867.1485979974202,HK.00522|HK.01888|HK.06166|HK.00470|HK.00148|HK.02252|HK.01729|HK.03896|HK.00317|HK.01385,
144,2,4,10,er_over_vol,20,1.1861161512582425,18.611615125824255,-13.707356353090482,5,15,19,False,-4915.356563029753,293905.26926643465,288989.9127034049,0.0,163,85,136,867.1485979974202,HK.00522|HK.01888|HK.06166|HK.00470|HK.00148|HK.02252|HK.01729|HK.03896|HK.00317|HK.01385,
145,8,15,40,stable_trend,10,1.1897877337190408,18.97877337190408,-8.498292246605354,5,11,13,False,-641.402710154769,272388.7222970125,271747.31958685775,0.0,148,85,154,767.482969322202,HK.01288|HK.01398|HK.00995|HK.00300|HK.00470|HK.09696|HK.01772|HK.01109|HK.02888|HK.00939,
146,8,15,40,stable_trend,15,1.1897877337190408,18.97877337190408,-8.498292246605354,5,11,13,False,-641.402710154769,272388.7222970125,271747.31958685775,0.0,148,85,154,767.482969322202,HK.01288|HK.01398|HK.00995|HK.00300|HK.00470|HK.09696|HK.01772|HK.01109|HK.02888|HK.00939,
147,8,15,40,stable_trend,20,1.1897877337190408,18.97877337190408,-8.498292246605354,5,11,13,False,-641.402710154769,272388.7222970125,271747.31958685775,0.0,148,85,154,767.482969322202,HK.01288|HK.01398|HK.00995|HK.00300|HK.00470|HK.09696|HK.01772|HK.01109|HK.02888|HK.00939,
148,3,10,20,stable_trend,10,1.077337726069602,7.733772606960199,-12.784917244640347,5,11,12,False,-1176.9453481364762,268587.65395726013,267410.70860912366,0.0,151,85,154,739.9890389316135,HK.01288|HK.00995|HK.00300|HK.00470|HK.09696|HK.01109|HK.02899|HK.02020|HK.00005|HK.02888,
149,3,10,20,stable_trend,15,1.077337726069602,7.733772606960199,-12.784917244640347,5,11,12,False,-1176.9453481364762,268587.65395726013,267410.70860912366,0.0,151,85,154,739.9890389316135,HK.01288|HK.00995|HK.00300|HK.00470|HK.09696|HK.01109|HK.02899|HK.02020|HK.00005|HK.02888,
150,3,10,20,stable_trend,20,1.077337726069602,7.733772606960199,-12.784917244640347,5,11,12,False,-1176.9453481364762,268587.65395726013,267410.70860912366,0.0,151,85,154,739.9890389316135,HK.01288|HK.00995|HK.00300|HK.00470|HK.09696|HK.01109|HK.02899|HK.02020|HK.00005|HK.02888,
151,2,8,20,stable_trend,10,1.100057299696892,10.005729969689202,-12.967361201624584,5,11,12,False,-7406.189175224194,268127.0458710536,260720.8566958294,0.0,178,85,154,727.7338856419876,HK.01288|HK.01398|HK.00995|HK.03988|HK.00300|HK.03618|HK.00470|HK.00939|HK.02899|HK.01109,
152,2,8,20,stable_trend,15,1.100057299696892,10.005729969689202,-12.967361201624584,5,11,12,False,-7406.189175224194,268127.0458710536,260720.8566958294,0.0,178,85,154,727.7338856419876,HK.01288|HK.01398|HK.00995|HK.03988|HK.00300|HK.03618|HK.00470|HK.00939|HK.02899|HK.01109,
153,2,8,20,stable_trend,20,1.100057299696892,10.005729969689202,-12.967361201624584,5,11,12,False,-7406.189175224194,268127.0458710536,260720.8566958294,0.0,178,85,154,727.7338856419876,HK.01288|HK.01398|HK.00995|HK.03988|HK.00300|HK.03618|HK.00470|HK.00939|HK.02899|HK.01109,
154,4,10,25,stable_trend,10,1.220243759964667,22.024375996466695,-12.727592726811155,4,11,13,False,16468.246225898067,234375.57585901886,250843.82208491693,0.0,55,121,154,710.4296851823964,HK.01288|HK.00995|HK.00300|HK.00470|HK.09696|HK.01772|HK.02020|HK.01109|HK.00939|HK.02888,
155,4,10,25,stable_trend,15,1.220243759964667,22.024375996466695,-12.727592726811155,4,11,13,False,16468.246225898067,234375.57585901886,250843.82208491693,0.0,55,121,154,710.4296851823964,HK.01288|HK.00995|HK.00300|HK.00470|HK.09696|HK.01772|HK.02020|HK.01109|HK.00939|HK.02888,
156,4,10,25,stable_trend,20,1.220243759964667,22.024375996466695,-12.727592726811155,4,11,13,False,16468.246225898067,234375.57585901886,250843.82208491693,0.0,55,121,154,710.4296851823964,HK.01288|HK.00995|HK.00300|HK.00470|HK.09696|HK.01772|HK.02020|HK.01109|HK.00939|HK.02888,
157,3,6,15,stable_trend,10,1.091101563644931,9.110156364493104,-15.674500965811156,4,14,15,False,457.0334472358227,220660.13119915553,221117.16464639135,0.0,139,121,145,705.1759960786092,HK.01288|HK.00995|HK.03988|HK.00300|HK.00470|HK.09696|HK.00939|HK.02899|HK.01109|HK.02020,
158,3,6,15,stable_trend,15,1.091101563644931,9.110156364493104,-15.674500965811156,4,14,15,False,457.0334472358227,220660.13119915553,221117.16464639135,0.0,139,121,145,705.1759960786092,HK.01288|HK.00995|HK.03988|HK.00300|HK.00470|HK.09696|HK.00939|HK.02899|HK.01109|HK.02020,
159,3,6,15,stable_trend,20,1.091101563644931,9.110156364493104,-15.674500965811156,4,14,15,False,457.0334472358227,220660.13119915553,221117.16464639135,0.0,139,121,145,705.1759960786092,HK.01288|HK.00995|HK.03988|HK.00300|HK.00470|HK.09696|HK.00939|HK.02899|HK.01109|HK.02020,
160,3,8,15,stable_trend,10,1.073341079568804,7.334107956880409,-15.056539629819987,4,14,15,False,337.9074457142269,213533.2796765668,213871.18712228103,0.0,142,121,145,703.1221360049718,HK.01288|HK.01398|HK.00995|HK.00300|HK.00470|HK.09696|HK.00939|HK.02899|HK.01109|HK.02888,
161,3,8,15,stable_trend,15,1.073341079568804,7.334107956880409,-15.056539629819987,4,14,15,False,337.9074457142269,213533.2796765668,213871.18712228103,0.0,142,121,145,703.1221360049718,HK.01288|HK.01398|HK.00995|HK.00300|HK.00470|HK.09696|HK.00939|HK.02899|HK.01109|HK.02888,
162,3,8,15,stable_trend,20,1.073341079568804,7.334107956880409,-15.056539629819987,4,14,15,False,337.9074457142269,213533.2796765668,213871.18712228103,0.0,142,121,145,703.1221360049718,HK.01288|HK.01398|HK.00995|HK.00300|HK.00470|HK.09696|HK.00939|HK.02899|HK.01109|HK.02888,
163,4,10,20,stable_trend,10,1.1195474039387865,11.954740393878648,-13.325353311476595,4,11,12,False,15570.194362574111,222813.71117973042,238383.90554230454,0.0,58,121,154,683.2657185257998,HK.01288|HK.00995|HK.00300|HK.00470|HK.09696|HK.01772|HK.01109|HK.02020|HK.02888|HK.01888,
164,4,10,20,stable_trend,15,1.1195474039387865,11.954740393878648,-13.325353311476595,4,11,12,False,15570.194362574111,222813.71117973042,238383.90554230454,0.0,58,121,154,683.2657185257998,HK.01288|HK.00995|HK.00300|HK.00470|HK.09696|HK.01772|HK.01109|HK.02020|HK.02888|HK.01888,
165,4,10,20,stable_trend,20,1.1195474039387865,11.954740393878648,-13.325353311476595,4,11,12,False,15570.194362574111,222813.71117973042,238383.90554230454,0.0,58,121,154,683.2657185257998,HK.01288|HK.00995|HK.00300|HK.00470|HK.09696|HK.01772|HK.01109|HK.02020|HK.02888|HK.01888,
166,6,12,30,stable_trend,10,1.1132712344378977,11.327123443789766,-9.52599705302447,4,11,13,False,5146.920568258443,232858.95635216063,238005.87692041908,0.0,121,121,154,673.330166941435,HK.01288|HK.00995|HK.00300|HK.00470|HK.09696|HK.01109|HK.02020|HK.00005|HK.02888|HK.01888,
167,6,12,30,stable_trend,15,1.1132712344378977,11.327123443789766,-9.52599705302447,4,11,13,False,5146.920568258443,232858.95635216063,238005.87692041908,0.0,121,121,154,673.330166941435,HK.01288|HK.00995|HK.00300|HK.00470|HK.09696|HK.01109|HK.02020|HK.00005|HK.02888|HK.01888,
168,6,12,30,stable_trend,20,1.1132712344378977,11.327123443789766,-9.52599705302447,4,11,13,False,5146.920568258443,232858.95635216063,238005.87692041908,0.0,121,121,154,673.330166941435,HK.01288|HK.00995|HK.00300|HK.00470|HK.09696|HK.01109|HK.02020|HK.00005|HK.02888|HK.01888,
169,3,8,20,stable_trend,10,1.0771073482280393,7.710734822803933,-13.546879102878096,4,12,13,False,-2899.6329801576794,210416.29039033095,207516.65741017327,0.0,160,121,151,655.9485514305283,HK.01288|HK.00995|HK.01398|HK.03988|HK.00300|HK.00470|HK.09696|HK.00939|HK.01109|HK.02899,
170,3,8,20,stable_trend,15,1.0771073482280393,7.710734822803933,-13.546879102878096,4,12,13,False,-2899.6329801576794,210416.29039033095,207516.65741017327,0.0,160,121,151,655.9485514305283,HK.01288|HK.00995|HK.01398|HK.03988|HK.00300|HK.00470|HK.09696|HK.00939|HK.01109|HK.02899,
171,3,8,20,stable_trend,20,1.0771073482280393,7.710734822803933,-13.546879102878096,4,12,13,False,-2899.6329801576794,210416.29039033095,207516.65741017327,0.0,160,121,151,655.9485514305283,HK.01288|HK.00995|HK.01398|HK.03988|HK.00300|HK.00470|HK.09696|HK.00939|HK.01109|HK.02899,
172,4,8,20,stable_trend,10,1.0806083146590866,8.060831465908658,-13.423489551461076,4,11,12,False,1465.400935488491,214875.48516636508,216340.88610185357,0.0,133,121,154,646.4782673747962,HK.01288|HK.01398|HK.00995|HK.03988|HK.00300|HK.00470|HK.09696|HK.01772|HK.00939|HK.01109,
173,4,8,20,stable_trend,15,1.0806083146590866,8.060831465908658,-13.423489551461076,4,11,12,False,1465.400935488491,214875.48516636508,216340.88610185357,0.0,133,121,154,646.4782673747962,HK.01288|HK.01398|HK.00995|HK.03988|HK.00300|HK.00470|HK.09696|HK.01772|HK.00939|HK.01109,
174,4,8,20,stable_trend,20,1.0806083146590866,8.060831465908658,-13.423489551461076,4,11,12,False,1465.400935488491,214875.48516636508,216340.88610185357,0.0,133,121,154,646.4782673747962,HK.01288|HK.01398|HK.00995|HK.03988|HK.00300|HK.00470|HK.09696|HK.01772|HK.00939|HK.01109,
175,5,10,30,stable_trend,10,1.1742993631318626,17.429936313186257,-10.576274253444806,3,10,14,False,6515.473246535548,174620.73281282882,181136.20605936437,0.0,112,172,175,592.6245575918224,HK.01288|HK.00995|HK.00300|HK.00470|HK.09696|HK.01109|HK.00939|HK.02888|HK.01888|HK.02382,
176,5,10,30,stable_trend,15,1.1742993631318626,17.429936313186257,-10.576274253444806,3,10,14,False,6515.473246535548,174620.73281282882,181136.20605936437,0.0,112,172,175,592.6245575918224,HK.01288|HK.00995|HK.00300|HK.00470|HK.09696|HK.01109|HK.00939|HK.02888|HK.01888|HK.02382,
177,5,10,30,stable_trend,20,1.1742993631318626,17.429936313186257,-10.576274253444806,3,10,14,False,6515.473246535548,174620.73281282882,181136.20605936437,0.0,112,172,175,592.6245575918224,HK.01288|HK.00995|HK.00300|HK.00470|HK.09696|HK.01109|HK.00939|HK.02888|HK.01888|HK.02382,
178,5,10,20,stable_trend,10,1.2013230129462191,20.13230129462191,-11.639498383154478,3,10,11,False,6291.519120323792,172220.9311362414,178512.45025656518,0.0,115,172,175,549.8046430698644,HK.01288|HK.00995|HK.00300|HK.00470|HK.09696|HK.01109|HK.00939|HK.02888|HK.01888|HK.00551,
179,5,10,20,stable_trend,15,1.2013230129462191,20.13230129462191,-11.639498383154478,3,10,11,False,6291.519120323792,172220.9311362414,178512.45025656518,0.0,115,172,175,549.8046430698644,HK.01288|HK.00995|HK.00300|HK.00470|HK.09696|HK.01109|HK.00939|HK.02888|HK.01888|HK.00551,
180,5,10,20,stable_trend,20,1.2013230129462191,20.13230129462191,-11.639498383154478,3,10,11,False,6291.519120323792,172220.9311362414,178512.45025656518,0.0,115,172,175,549.8046430698644,HK.01288|HK.00995|HK.00300|HK.00470|HK.09696|HK.01109|HK.00939|HK.02888|HK.01888|HK.00551,
